dest_node,source_node,weight,source_class,dest_class,edge_class
262,582,1,0,1,0-1
363,576,1,0,1,0-1
122,420,1,0,1,0-1
259,744,1,0,1,0-1
212,712,1,0,1,0-1
262,824,1,0,1,0-1
17,773,1,0,1,0-1
63,469,1,0,1,0-1
404,894,1,0,1,0-1
367,859,1,0,1,0-1
103,739,1,0,1,0-1
49,650,1,0,1,0-1
363,848,1,0,1,0-1
368,650,1,0,1,0-1
98,773,1,0,1,0-1
163,565,1,0,1,0-1
368,819,1,0,1,0-1
98,876,1,0,1,0-1
348,619,1,0,1,0-1
17,876,1,0,1,0-1
197,755,1,0,1,0-1
209,472,1,0,1,0-1
349,465,1,0,1,0-1
193,538,1,0,1,0-1
363,722,1,0,1,0-1
363,824,1,0,1,0-1
270,432,1,0,1,0-1
212,712,1,0,1,0-1
104,540,1,0,1,0-1
10,859,1,0,1,0-1
323,679,1,0,1,0-1
225,652,1,0,1,0-1
363,848,1,0,1,0-1
304,546,1,0,1,0-1
203,576,1,0,1,0-1
106,565,1,0,1,0-1
103,744,1,0,1,0-1
349,465,1,0,1,0-1
167,572,1,0,1,0-1
250,824,1,0,1,0-1
159,523,1,0,1,0-1
147,548,1,0,1,0-1
292,859,1,0,1,0-1
169,520,1,0,1,0-1
270,432,1,0,1,0-1
291,687,1,0,1,0-1
118,860,1,0,1,0-1
34,417,1,0,1,0-1
368,817,1,0,1,0-1
169,599,1,0,1,0-1
212,586,1,0,1,0-1
9,523,1,0,1,0-1
9,519,1,0,1,0-1
278,565,1,0,1,0-1
268,518,1,0,1,0-1
262,713,1,0,1,0-1
9,545,1,0,1,0-1
436,824,1,1,1,1-1
106,824,1,0,1,0-1
220,824,1,0,1,0-1
172,848,1,0,1,0-1
9,597,1,0,1,0-1
68,555,1,0,1,0-1
49,808,1,0,1,0-1
212,488,1,0,1,0-1
212,586,1,0,1,0-1
258,834,1,0,1,0-1
225,411,1,0,1,0-1
355,894,1,0,1,0-1
220,824,1,0,1,0-1
104,568,1,0,1,0-1
132,841,1,0,1,0-1
287,773,1,0,1,0-1
85,677,1,0,1,0-1
195,894,1,0,1,0-1
159,523,1,0,1,0-1
65,540,1,0,1,0-1
177,877,1,0,1,0-1
345,803,1,0,1,0-1
104,773,1,0,1,0-1
220,824,1,0,1,0-1
63,894,1,0,1,0-1
192,540,1,0,1,0-1
452,850,1,1,1,1-1
85,445,1,0,1,0-1
263,493,1,0,1,0-1
147,718,1,0,1,0-1
169,544,1,0,1,0-1
278,609,1,0,1,0-1
217,612,1,0,1,0-1
436,786,1,1,1,1-1
52,817,1,0,1,0-1
262,561,1,0,1,0-1
10,810,1,0,1,0-1
13,547,1,0,1,0-1
315,881,1,0,1,0-1
278,894,1,0,1,0-1
45,490,1,0,1,0-1
205,829,1,0,1,0-1
85,894,1,0,1,0-1
246,648,1,0,1,0-1
104,540,1,0,1,0-1
278,587,1,0,1,0-1
436,474,1,1,1,1-1
167,465,1,0,1,0-1
236,894,1,0,1,0-1
104,424,1,0,1,0-1
163,523,1,0,1,0-1
370,584,1,0,1,0-1
315,565,1,0,1,0-1
390,735,1,0,1,0-1
231,545,1,0,1,0-1
335,723,1,0,1,0-1
230,480,1,0,1,0-1
259,744,1,0,1,0-1
383,563,1,0,1,0-1
195,894,1,0,1,0-1
159,894,1,0,1,0-1
228,685,1,0,1,0-1
436,764,1,1,1,1-1
436,588,1,1,1,1-1
726,548,1,1,1,1-1
366,698,1,0,1,0-1
86,903,1,0,1,0-1
228,685,1,0,1,0-1
187,881,1,0,1,0-1
105,485,1,0,1,0-1
296,436,1,0,1,0-1
278,824,1,0,1,0-1
112,418,1,0,1,0-1
220,492,1,0,1,0-1
66,566,1,0,1,0-1
398,460,1,0,1,0-1
234,540,1,0,1,0-1
256,545,1,0,1,0-1
261,480,1,0,1,0-1
152,417,1,0,1,0-1
104,727,1,0,1,0-1
225,422,1,0,1,0-1
80,583,1,0,1,0-1
65,835,1,0,1,0-1
278,714,1,0,1,0-1
57,848,1,0,1,0-1
208,855,1,0,1,0-1
245,620,1,0,1,0-1
403,556,1,0,1,0-1
154,656,1,0,1,0-1
406,648,1,0,1,0-1
300,545,1,0,1,0-1
328,655,1,0,1,0-1
108,589,1,0,1,0-1
151,714,1,0,1,0-1
302,704,1,0,1,0-1
172,659,1,0,1,0-1
116,841,1,0,1,0-1
195,475,1,0,1,0-1
275,831,1,0,1,0-1
133,832,1,0,1,0-1
104,697,1,0,1,0-1
315,468,1,0,1,0-1
386,442,1,0,1,0-1
28,426,1,0,1,0-1
183,675,1,0,1,0-1
278,894,1,0,1,0-1
36,810,1,0,1,0-1
363,848,1,0,1,0-1
217,665,1,0,1,0-1
43,657,1,0,1,0-1
317,815,1,0,1,0-1
366,632,1,0,1,0-1
60,833,1,0,1,0-1
174,509,1,0,1,0-1
259,733,1,0,1,0-1
155,545,1,0,1,0-1
204,753,1,0,1,0-1
301,620,1,0,1,0-1
108,448,1,0,1,0-1
85,744,1,0,1,0-1
89,508,1,0,1,0-1
302,608,1,0,1,0-1
347,538,1,0,1,0-1
52,495,1,0,1,0-1
56,711,1,0,1,0-1
235,523,1,0,1,0-1
75,611,1,0,1,0-1
256,545,1,0,1,0-1
323,687,1,0,1,0-1
124,807,1,0,1,0-1
386,660,1,0,1,0-1
224,769,1,0,1,0-1
50,892,1,0,1,0-1
343,565,1,0,1,0-1
139,714,1,0,1,0-1
213,728,1,0,1,0-1
187,714,1,0,1,0-1
317,815,1,0,1,0-1
355,894,1,0,1,0-1
285,861,1,0,1,0-1
132,778,1,0,1,0-1
104,723,1,0,1,0-1
170,771,1,0,1,0-1
726,792,1,1,1,1-1
726,726,1,1,1,1-1
374,861,1,0,1,0-1
429,805,1,1,1,1-1
191,687,1,0,1,0-1
125,739,1,0,1,0-1
406,748,1,0,1,0-1
342,873,1,0,1,0-1
7,549,1,0,1,0-1
81,492,1,0,1,0-1
106,545,1,0,1,0-1
273,492,1,0,1,0-1
57,779,1,0,1,0-1
85,837,1,0,1,0-1
324,741,1,0,1,0-1
165,836,1,0,1,0-1
278,714,1,0,1,0-1
132,878,1,0,1,0-1
200,861,1,0,1,0-1
317,815,1,0,1,0-1
10,851,1,0,1,0-1
125,602,1,0,1,0-1
9,714,1,0,1,0-1
452,452,1,1,1,1-1
98,876,1,0,1,0-1
84,419,1,0,1,0-1
175,841,1,0,1,0-1
293,529,1,0,1,0-1
60,882,1,0,1,0-1
344,411,1,0,1,0-1
284,565,1,0,1,0-1
726,726,1,1,1,1-1
134,630,1,0,1,0-1
278,630,1,0,1,0-1
188,896,1,0,1,0-1
360,492,1,0,1,0-1
235,666,1,0,1,0-1
38,561,1,0,1,0-1
248,484,1,0,1,0-1
7,687,1,0,1,0-1
220,492,1,0,1,0-1
360,881,1,0,1,0-1
329,765,1,0,1,0-1
89,557,1,0,1,0-1
213,454,1,0,1,0-1
236,723,1,0,1,0-1
158,576,1,0,1,0-1
346,875,1,0,1,0-1
221,667,1,0,1,0-1
70,453,1,0,1,0-1
395,829,1,0,1,0-1
392,718,1,0,1,0-1
50,848,1,0,1,0-1
257,896,1,0,1,0-1
638,714,1,1,1,1-1
281,876,1,0,1,0-1
384,809,1,0,1,0-1
67,802,1,0,1,0-1
130,898,1,0,1,0-1
23,463,1,0,1,0-1
11,803,1,0,1,0-1
352,673,1,0,1,0-1
196,859,1,0,1,0-1
278,714,1,0,1,0-1
278,715,1,0,1,0-1
20,667,1,0,1,0-1
407,416,1,0,1,0-1
52,687,1,0,1,0-1
305,577,1,0,1,0-1
11,803,1,0,1,0-1
243,435,1,0,1,0-1
47,834,1,0,1,0-1
395,533,1,0,1,0-1
37,728,1,0,1,0-1
31,636,1,0,1,0-1
35,900,1,0,1,0-1
12,466,1,0,1,0-1
7,631,1,0,1,0-1
250,657,1,0,1,0-1
50,673,1,0,1,0-1
239,762,1,0,1,0-1
86,821,1,0,1,0-1
195,475,1,0,1,0-1
50,768,1,0,1,0-1
371,761,1,0,1,0-1
330,887,1,0,1,0-1
281,704,1,0,1,0-1
392,687,1,0,1,0-1
132,686,1,0,1,0-1
153,676,1,0,1,0-1
250,896,1,0,1,0-1
159,888,1,0,1,0-1
106,545,1,0,1,0-1
220,492,1,0,1,0-1
276,834,1,0,1,0-1
52,687,1,0,1,0-1
156,635,1,0,1,0-1
399,511,1,0,1,0-1
222,896,1,0,1,0-1
129,425,1,0,1,0-1
101,491,1,0,1,0-1
262,561,1,0,1,0-1
141,709,1,0,1,0-1
204,672,1,0,1,0-1
172,659,1,0,1,0-1
4,882,1,0,1,0-1
4,882,1,0,1,0-1
118,878,1,0,1,0-1
186,760,1,0,1,0-1
370,741,1,0,1,0-1
343,581,1,0,1,0-1
2,701,1,0,1,0-1
240,539,1,0,1,0-1
317,841,1,0,1,0-1
341,865,1,0,1,0-1
113,601,1,0,1,0-1
429,880,1,1,1,1-1
20,545,1,0,1,0-1
26,765,1,0,1,0-1
118,691,1,0,1,0-1
63,611,1,0,1,0-1
246,655,1,0,1,0-1
278,645,1,0,1,0-1
189,739,1,0,1,0-1
204,672,1,0,1,0-1
117,492,1,0,1,0-1
192,613,1,0,1,0-1
109,461,1,0,1,0-1
252,847,1,0,1,0-1
343,568,1,0,1,0-1
545,545,1,1,1,1-1
358,861,1,0,1,0-1
429,876,1,1,1,1-1
94,667,1,0,1,0-1
89,425,1,0,1,0-1
71,448,1,0,1,0-1
306,462,1,0,1,0-1
392,492,1,0,1,0-1
344,480,1,0,1,0-1
312,428,1,0,1,0-1
686,773,1,1,1,1-1
353,657,1,0,1,0-1
247,514,1,0,1,0-1
135,554,1,0,1,0-1
95,815,1,0,1,0-1
726,726,1,1,1,1-1
276,845,1,0,1,0-1
144,866,1,0,1,0-1
245,620,1,0,1,0-1
395,829,1,0,1,0-1
99,695,1,0,1,0-1
160,728,1,0,1,0-1
343,684,1,0,1,0-1
118,613,1,0,1,0-1
299,682,1,0,1,0-1
101,889,1,0,1,0-1
182,417,1,0,1,0-1
187,492,1,0,1,0-1
64,887,1,0,1,0-1
140,794,1,0,1,0-1
281,852,1,0,1,0-1
726,451,1,1,1,1-1
29,858,1,0,1,0-1
6,742,1,0,1,0-1
393,887,1,0,1,0-1
231,540,1,0,1,0-1
91,611,1,0,1,0-1
244,621,1,0,1,0-1
161,622,1,0,1,0-1
90,543,1,0,1,0-1
365,531,1,0,1,0-1
11,483,1,0,1,0-1
278,803,1,0,1,0-1
339,507,1,0,1,0-1
405,550,1,0,1,0-1
142,856,1,0,1,0-1
274,688,1,0,1,0-1
268,518,1,0,1,0-1
88,629,1,0,1,0-1
395,641,1,0,1,0-1
320,707,1,0,1,0-1
334,476,1,0,1,0-1
328,720,1,0,1,0-1
172,634,1,0,1,0-1
119,757,1,0,1,0-1
62,838,1,0,1,0-1
287,600,1,0,1,0-1
34,714,1,0,1,0-1
252,635,1,0,1,0-1
196,848,1,0,1,0-1
400,521,1,0,1,0-1
86,658,1,0,1,0-1
369,643,1,0,1,0-1
26,687,1,0,1,0-1
8,862,1,0,1,0-1
74,731,1,0,1,0-1
86,579,1,0,1,0-1
278,736,1,0,1,0-1
47,741,1,0,1,0-1
178,501,1,0,1,0-1
287,600,1,0,1,0-1
317,815,1,0,1,0-1
176,814,1,0,1,0-1
297,534,1,0,1,0-1
391,825,1,0,1,0-1
353,486,1,0,1,0-1
326,425,1,0,1,0-1
399,413,1,0,1,0-1
48,897,1,0,1,0-1
87,680,1,0,1,0-1
9,443,1,0,1,0-1
155,517,1,0,1,0-1
716,716,1,1,1,1-1
156,646,1,0,1,0-1
149,754,1,0,1,0-1
74,450,1,0,1,0-1
30,414,1,0,1,0-1
173,482,1,0,1,0-1
436,841,1,1,1,1-1
254,515,1,0,1,0-1
327,613,1,0,1,0-1
215,580,1,0,1,0-1
340,547,1,0,1,0-1
343,633,1,0,1,0-1
276,745,1,0,1,0-1
322,726,1,0,1,0-1
54,532,1,0,1,0-1
127,849,1,0,1,0-1
137,848,1,0,1,0-1
227,603,1,0,1,0-1
0,504,1,0,1,0-1
157,843,1,0,1,0-1
168,578,1,0,1,0-1
201,842,1,0,1,0-1
326,425,1,0,1,0-1
148,543,1,0,1,0-1
3,740,1,0,1,0-1
187,881,1,0,1,0-1
179,532,1,0,1,0-1
226,411,1,0,1,0-1
63,469,1,0,1,0-1
295,655,1,0,1,0-1
220,638,1,0,1,0-1
238,482,1,0,1,0-1
359,890,1,0,1,0-1
314,555,1,0,1,0-1
406,763,1,0,1,0-1
364,879,1,0,1,0-1
283,747,1,0,1,0-1
381,884,1,0,1,0-1
25,868,1,0,1,0-1
262,561,1,0,1,0-1
78,839,1,0,1,0-1
246,536,1,0,1,0-1
183,687,1,0,1,0-1
267,683,1,0,1,0-1
373,783,1,0,1,0-1
18,733,1,0,1,0-1
388,649,1,0,1,0-1
367,611,1,0,1,0-1
182,564,1,0,1,0-1
184,724,1,0,1,0-1
780,780,1,1,1,1-1
5,527,1,0,1,0-1
297,605,1,0,1,0-1
150,840,1,0,1,0-1
267,772,1,0,1,0-1
279,804,1,0,1,0-1
726,726,1,1,1,1-1
55,811,1,0,1,0-1
256,423,1,0,1,0-1
289,653,1,0,1,0-1
61,877,1,0,1,0-1
189,663,1,0,1,0-1
319,440,1,0,1,0-1
614,614,1,1,1,1-1
353,667,1,0,1,0-1
211,722,1,0,1,0-1
363,479,1,0,1,0-1
213,719,1,0,1,0-1
169,784,1,0,1,0-1
113,459,1,0,1,0-1
24,722,1,0,1,0-1
338,444,1,0,1,0-1
273,759,1,0,1,0-1
357,611,1,0,1,0-1
202,449,1,0,1,0-1
303,848,1,0,1,0-1
33,706,1,0,1,0-1
199,447,1,0,1,0-1
185,700,1,0,1,0-1
396,465,1,0,1,0-1
256,480,1,0,1,0-1
182,483,1,0,1,0-1
242,613,1,0,1,0-1
402,595,1,0,1,0-1
394,531,1,0,1,0-1
333,826,1,0,1,0-1
153,821,1,0,1,0-1
337,806,1,0,1,0-1
79,749,1,0,1,0-1
128,664,1,0,1,0-1
32,876,1,0,1,0-1
429,429,1,1,1,1-1
110,704,1,0,1,0-1
307,864,1,0,1,0-1
314,552,1,0,1,0-1
354,623,1,0,1,0-1
253,433,1,0,1,0-1
318,828,1,0,1,0-1
111,559,1,0,1,0-1
308,793,1,0,1,0-1
310,705,1,0,1,0-1
387,661,1,0,1,0-1
2,700,1,0,1,0-1
331,607,1,0,1,0-1
385,625,1,0,1,0-1
73,738,1,0,1,0-1
219,455,1,0,1,0-1
387,785,1,0,1,0-1
316,766,1,0,1,0-1
369,626,1,0,1,0-1
377,782,1,0,1,0-1
210,723,1,0,1,0-1
290,842,1,0,1,0-1
76,526,1,0,1,0-1
82,535,1,0,1,0-1
380,471,1,0,1,0-1
124,693,1,0,1,0-1
51,498,1,0,1,0-1
84,419,1,0,1,0-1
265,651,1,0,1,0-1
321,458,1,0,1,0-1
276,666,1,0,1,0-1
716,716,1,1,1,1-1
219,639,1,0,1,0-1
252,527,1,0,1,0-1
198,854,1,0,1,0-1
219,438,1,0,1,0-1
48,689,1,0,1,0-1
241,788,1,0,1,0-1
314,562,1,0,1,0-1
208,774,1,0,1,0-1
280,692,1,0,1,0-1
112,899,1,0,1,0-1
218,480,1,0,1,0-1
394,531,1,0,1,0-1
382,571,1,0,1,0-1
248,484,1,0,1,0-1
198,570,1,0,1,0-1
331,594,1,0,1,0-1
298,515,1,0,1,0-1
356,624,1,0,1,0-1
298,515,1,0,1,0-1
94,457,1,0,1,0-1
15,776,1,0,1,0-1
216,649,1,0,1,0-1
502,502,1,1,1,1-1
92,524,1,0,1,0-1
181,617,1,0,1,0-1
314,640,1,0,1,0-1
214,901,1,0,1,0-1
255,799,1,0,1,0-1
266,560,1,0,1,0-1
223,870,1,0,1,0-1
61,536,1,0,1,0-1
58,732,1,0,1,0-1
11,803,1,0,1,0-1
408,846,1,0,1,0-1
77,558,1,0,1,0-1
260,700,1,0,1,0-1
203,522,1,0,1,0-1
93,430,1,0,1,0-1
86,903,1,0,1,0-1
27,863,1,0,1,0-1
282,690,1,0,1,0-1
277,856,1,0,1,0-1
249,800,1,0,1,0-1
314,823,1,0,1,0-1
250,790,1,0,1,0-1
184,781,1,0,1,0-1
59,523,1,0,1,0-1
156,635,1,0,1,0-1
902,902,1,1,1,1-1
59,440,1,0,1,0-1
72,668,1,0,1,0-1
251,670,1,0,1,0-1
171,516,1,0,1,0-1
332,816,1,0,1,0-1
109,525,1,0,1,0-1
350,573,1,0,1,0-1
86,856,1,0,1,0-1
311,812,1,0,1,0-1
21,756,1,0,1,0-1
206,767,1,0,1,0-1
321,530,1,0,1,0-1
387,788,1,0,1,0-1
187,714,1,0,1,0-1
321,847,1,0,1,0-1
136,431,1,0,1,0-1
31,818,1,0,1,0-1
126,766,1,0,1,0-1
351,678,1,0,1,0-1
372,737,1,0,1,0-1
102,542,1,0,1,0-1
166,789,1,0,1,0-1
46,510,1,0,1,0-1
287,600,1,0,1,0-1
82,627,1,0,1,0-1
19,628,1,0,1,0-1
31,551,1,0,1,0-1
198,464,1,0,1,0-1
51,590,1,0,1,0-1
133,782,1,0,1,0-1
180,513,1,0,1,0-1
131,493,1,0,1,0-1
175,841,1,0,1,0-1
436,436,1,1,1,1-1
273,726,1,0,1,0-1
409,506,1,0,1,0-1
61,677,1,0,1,0-1
233,674,1,0,1,0-1
229,671,1,0,1,0-1
286,620,1,0,1,0-1
220,492,1,0,1,0-1
190,893,1,0,1,0-1
40,512,1,0,1,0-1
16,891,1,0,1,0-1
751,751,1,1,1,1-1
53,567,1,0,1,0-1
350,573,1,0,1,0-1
401,537,1,0,1,0-1
22,758,1,0,1,0-1
378,618,1,0,1,0-1
269,734,1,0,1,0-1
329,844,1,0,1,0-1
387,702,1,0,1,0-1
397,503,1,0,1,0-1
164,592,1,0,1,0-1
145,410,1,0,1,0-1
14,796,1,0,1,0-1
42,787,1,0,1,0-1
107,473,1,0,1,0-1
143,467,1,0,1,0-1
243,592,1,0,1,0-1
376,446,1,0,1,0-1
309,710,1,0,1,0-1
294,775,1,0,1,0-1
313,699,1,0,1,0-1
146,487,1,0,1,0-1
159,801,1,0,1,0-1
288,410,1,0,1,0-1
1,721,1,0,1,0-1
362,742,1,0,1,0-1
15,871,1,0,1,0-1
392,750,1,0,1,0-1
264,791,1,0,1,0-1
114,497,1,0,1,0-1
369,626,1,0,1,0-1
123,797,1,0,1,0-1
204,672,1,0,1,0-1
2,415,1,0,1,0-1
321,777,1,0,1,0-1
69,604,1,0,1,0-1
237,421,1,0,1,0-1
232,412,1,0,1,0-1
97,770,1,0,1,0-1
83,481,1,0,1,0-1
375,654,1,0,1,0-1
273,726,1,0,1,0-1
194,610,1,0,1,0-1
271,883,1,0,1,0-1
325,494,1,0,1,0-1
361,675,1,0,1,0-1
121,585,1,0,1,0-1
138,500,1,0,1,0-1
207,470,1,0,1,0-1
100,730,1,0,1,0-1
379,616,1,0,1,0-1
128,664,1,0,1,0-1
336,874,1,0,1,0-1
272,637,1,0,1,0-1
162,605,1,0,1,0-1
41,895,1,0,1,0-1
96,681,1,0,1,0-1
220,598,1,0,1,0-1
39,575,1,0,1,0-1
115,574,1,0,1,0-1
120,822,1,0,1,0-1
262,1598,1,0,2,0-2
363,1527,1,0,2,0-2
122,1463,1,0,2,0-2
259,1235,1,0,2,0-2
212,1522,1,0,2,0-2
262,1019,1,0,2,0-2
17,958,1,0,2,0-2
63,1206,1,0,2,0-2
404,1448,1,0,2,0-2
367,1173,1,0,2,0-2
103,1194,1,0,2,0-2
49,1492,1,0,2,0-2
363,1123,1,0,2,0-2
368,999,1,0,2,0-2
98,1066,1,0,2,0-2
163,1316,1,0,2,0-2
368,1555,1,0,2,0-2
98,1181,1,0,2,0-2
348,1174,1,0,2,0-2
17,1097,1,0,2,0-2
197,1613,1,0,2,0-2
209,915,1,0,2,0-2
349,1409,1,0,2,0-2
193,981,1,0,2,0-2
363,1007,1,0,2,0-2
363,948,1,0,2,0-2
270,1249,1,0,2,0-2
212,1482,1,0,2,0-2
104,1067,1,0,2,0-2
10,1406,1,0,2,0-2
323,979,1,0,2,0-2
225,952,1,0,2,0-2
363,1043,1,0,2,0-2
304,1428,1,0,2,0-2
203,1415,1,0,2,0-2
106,1564,1,0,2,0-2
103,1457,1,0,2,0-2
349,1137,1,0,2,0-2
167,991,1,0,2,0-2
250,1473,1,0,2,0-2
159,1219,1,0,2,0-2
147,1438,1,0,2,0-2
292,1452,1,0,2,0-2
169,1196,1,0,2,0-2
270,1249,1,0,2,0-2
291,1414,1,0,2,0-2
118,1499,1,0,2,0-2
34,1621,1,0,2,0-2
368,1392,1,0,2,0-2
169,1169,1,0,2,0-2
212,1404,1,0,2,0-2
9,1400,1,0,2,0-2
9,1116,1,0,2,0-2
278,1552,1,0,2,0-2
268,1006,1,0,2,0-2
262,1188,1,0,2,0-2
9,1423,1,0,2,0-2
436,1274,1,1,2,1-2
106,1374,1,0,2,0-2
220,1587,1,0,2,0-2
172,1251,1,0,2,0-2
9,1530,1,0,2,0-2
68,1442,1,0,2,0-2
49,1464,1,0,2,0-2
212,1182,1,0,2,0-2
212,969,1,0,2,0-2
258,1238,1,0,2,0-2
225,1547,1,0,2,0-2
355,1108,1,0,2,0-2
220,1046,1,0,2,0-2
104,1576,1,0,2,0-2
132,1057,1,0,2,0-2
287,1054,1,0,2,0-2
85,956,1,0,2,0-2
195,1314,1,0,2,0-2
159,908,1,0,2,0-2
65,916,1,0,2,0-2
177,1099,1,0,2,0-2
345,1465,1,0,2,0-2
104,1341,1,0,2,0-2
220,1518,1,0,2,0-2
63,1335,1,0,2,0-2
192,1121,1,0,2,0-2
452,1435,1,1,2,1-2
85,940,1,0,2,0-2
263,1028,1,0,2,0-2
147,1064,1,0,2,0-2
169,1213,1,0,2,0-2
278,1100,1,0,2,0-2
217,1422,1,0,2,0-2
436,1071,1,1,2,1-2
52,1421,1,0,2,0-2
262,1367,1,0,2,0-2
10,1375,1,0,2,0-2
13,937,1,0,2,0-2
315,959,1,0,2,0-2
278,941,1,0,2,0-2
45,1390,1,0,2,0-2
205,1355,1,0,2,0-2
85,1277,1,0,2,0-2
246,1382,1,0,2,0-2
104,932,1,0,2,0-2
278,1248,1,0,2,0-2
436,1470,1,1,2,1-2
167,1301,1,0,2,0-2
236,1315,1,0,2,0-2
104,1354,1,0,2,0-2
163,1540,1,0,2,0-2
370,1107,1,0,2,0-2
315,1155,1,0,2,0-2
390,920,1,0,2,0-2
231,917,1,0,2,0-2
335,1569,1,0,2,0-2
230,1254,1,0,2,0-2
259,1235,1,0,2,0-2
383,1105,1,0,2,0-2
195,1407,1,0,2,0-2
159,1410,1,0,2,0-2
228,1320,1,0,2,0-2
436,1420,1,1,2,1-2
436,1167,1,1,2,1-2
726,1596,1,1,2,1-2
366,1290,1,0,2,0-2
86,1370,1,0,2,0-2
228,1135,1,0,2,0-2
187,1289,1,0,2,0-2
105,1085,1,0,2,0-2
296,1270,1,0,2,0-2
278,992,1,0,2,0-2
112,975,1,0,2,0-2
220,1453,1,0,2,0-2
66,1125,1,0,2,0-2
398,1347,1,0,2,0-2
234,1622,1,0,2,0-2
256,1102,1,0,2,0-2
261,1014,1,0,2,0-2
152,994,1,0,2,0-2
104,1628,1,0,2,0-2
225,1166,1,0,2,0-2
80,1560,1,0,2,0-2
65,1553,1,0,2,0-2
278,1283,1,0,2,0-2
57,1226,1,0,2,0-2
208,1593,1,0,2,0-2
245,936,1,0,2,0-2
403,1575,1,0,2,0-2
154,1388,1,0,2,0-2
406,1623,1,0,2,0-2
300,1117,1,0,2,0-2
328,1122,1,0,2,0-2
108,934,1,0,2,0-2
151,1488,1,0,2,0-2
302,1381,1,0,2,0-2
172,1164,1,0,2,0-2
116,1397,1,0,2,0-2
195,993,1,0,2,0-2
275,1148,1,0,2,0-2
133,1459,1,0,2,0-2
104,1399,1,0,2,0-2
315,1493,1,0,2,0-2
386,1113,1,0,2,0-2
28,1313,1,0,2,0-2
183,1376,1,0,2,0-2
278,1129,1,0,2,0-2
36,1549,1,0,2,0-2
363,1579,1,0,2,0-2
217,1257,1,0,2,0-2
43,1026,1,0,2,0-2
317,972,1,0,2,0-2
366,1326,1,0,2,0-2
60,1551,1,0,2,0-2
174,1095,1,0,2,0-2
259,1519,1,0,2,0-2
155,996,1,0,2,0-2
204,1426,1,0,2,0-2
301,1510,1,0,2,0-2
108,1136,1,0,2,0-2
85,1202,1,0,2,0-2
89,1268,1,0,2,0-2
302,1333,1,0,2,0-2
347,1143,1,0,2,0-2
52,912,1,0,2,0-2
56,1605,1,0,2,0-2
235,1556,1,0,2,0-2
75,1246,1,0,2,0-2
256,1554,1,0,2,0-2
323,1411,1,0,2,0-2
124,911,1,0,2,0-2
386,1056,1,0,2,0-2
224,1589,1,0,2,0-2
50,1264,1,0,2,0-2
343,1047,1,0,2,0-2
139,1536,1,0,2,0-2
213,1627,1,0,2,0-2
187,1101,1,0,2,0-2
317,1372,1,0,2,0-2
355,998,1,0,2,0-2
285,1417,1,0,2,0-2
132,1344,1,0,2,0-2
104,1391,1,0,2,0-2
170,1580,1,0,2,0-2
726,955,1,1,2,1-2
726,925,1,1,2,1-2
374,1236,1,0,2,0-2
429,1160,1,1,2,1-2
191,1112,1,0,2,0-2
125,1083,1,0,2,0-2
406,1065,1,0,2,0-2
342,1132,1,0,2,0-2
7,1608,1,0,2,0-2
81,919,1,0,2,0-2
106,1230,1,0,2,0-2
273,1349,1,0,2,0-2
57,1588,1,0,2,0-2
85,1147,1,0,2,0-2
324,963,1,0,2,0-2
165,1163,1,0,2,0-2
278,1285,1,0,2,0-2
132,1000,1,0,2,0-2
200,1138,1,0,2,0-2
317,922,1,0,2,0-2
10,1590,1,0,2,0-2
125,944,1,0,2,0-2
9,1058,1,0,2,0-2
452,929,1,1,2,1-2
98,1181,1,0,2,0-2
84,1389,1,0,2,0-2
175,909,1,0,2,0-2
293,1559,1,0,2,0-2
60,1106,1,0,2,0-2
344,965,1,0,2,0-2
284,913,1,0,2,0-2
726,1393,1,1,2,1-2
134,1557,1,0,2,0-2
278,1445,1,0,2,0-2
188,1472,1,0,2,0-2
360,1501,1,0,2,0-2
235,1543,1,0,2,0-2
38,1186,1,0,2,0-2
248,1258,1,0,2,0-2
7,990,1,0,2,0-2
220,1120,1,0,2,0-2
360,930,1,0,2,0-2
329,935,1,0,2,0-2
89,1078,1,0,2,0-2
213,1436,1,0,2,0-2
236,1282,1,0,2,0-2
158,1363,1,0,2,0-2
346,1489,1,0,2,0-2
221,974,1,0,2,0-2
70,1092,1,0,2,0-2
395,950,1,0,2,0-2
392,1378,1,0,2,0-2
50,1513,1,0,2,0-2
257,1350,1,0,2,0-2
638,1022,1,1,2,1-2
281,938,1,0,2,0-2
384,1031,1,0,2,0-2
67,995,1,0,2,0-2
130,1013,1,0,2,0-2
23,1201,1,0,2,0-2
11,1618,1,0,2,0-2
352,1460,1,0,2,0-2
196,1214,1,0,2,0-2
278,1529,1,0,2,0-2
278,1041,1,0,2,0-2
20,1239,1,0,2,0-2
407,1490,1,0,2,0-2
52,1291,1,0,2,0-2
305,1601,1,0,2,0-2
11,1292,1,0,2,0-2
243,1001,1,0,2,0-2
47,976,1,0,2,0-2
395,1362,1,0,2,0-2
37,1087,1,0,2,0-2
31,997,1,0,2,0-2
35,927,1,0,2,0-2
12,1497,1,0,2,0-2
7,1021,1,0,2,0-2
250,1296,1,0,2,0-2
50,1466,1,0,2,0-2
239,1032,1,0,2,0-2
86,1383,1,0,2,0-2
195,1280,1,0,2,0-2
50,1402,1,0,2,0-2
371,1017,1,0,2,0-2
330,1287,1,0,2,0-2
281,1467,1,0,2,0-2
392,1151,1,0,2,0-2
132,1485,1,0,2,0-2
153,1503,1,0,2,0-2
250,1318,1,0,2,0-2
159,931,1,0,2,0-2
106,1230,1,0,2,0-2
220,1558,1,0,2,0-2
276,1165,1,0,2,0-2
52,1052,1,0,2,0-2
156,1217,1,0,2,0-2
399,947,1,0,2,0-2
222,914,1,0,2,0-2
129,1306,1,0,2,0-2
101,1418,1,0,2,0-2
262,1048,1,0,2,0-2
141,1479,1,0,2,0-2
204,1304,1,0,2,0-2
172,1164,1,0,2,0-2
4,1425,1,0,2,0-2
4,1425,1,0,2,0-2
118,933,1,0,2,0-2
186,921,1,0,2,0-2
370,1141,1,0,2,0-2
343,1359,1,0,2,0-2
2,1606,1,0,2,0-2
240,946,1,0,2,0-2
317,1614,1,0,2,0-2
341,1545,1,0,2,0-2
113,986,1,0,2,0-2
429,1573,1,1,2,1-2
20,1053,1,0,2,0-2
26,1154,1,0,2,0-2
118,1225,1,0,2,0-2
63,1342,1,0,2,0-2
246,1261,1,0,2,0-2
278,1538,1,0,2,0-2
189,1615,1,0,2,0-2
204,1304,1,0,2,0-2
117,1144,1,0,2,0-2
192,1262,1,0,2,0-2
109,961,1,0,2,0-2
252,1454,1,0,2,0-2
343,1146,1,0,2,0-2
545,1597,1,1,2,1-2
358,1539,1,0,2,0-2
429,985,1,1,2,1-2
94,1088,1,0,2,0-2
89,1010,1,0,2,0-2
71,1269,1,0,2,0-2
306,1034,1,0,2,0-2
392,1040,1,0,2,0-2
344,1039,1,0,2,0-2
312,1311,1,0,2,0-2
686,1035,1,1,2,1-2
353,1276,1,0,2,0-2
247,1384,1,0,2,0-2
135,1532,1,0,2,0-2
95,1338,1,0,2,0-2
726,1004,1,1,2,1-2
276,1368,1,0,2,0-2
144,1386,1,0,2,0-2
245,936,1,0,2,0-2
395,950,1,0,2,0-2
99,1305,1,0,2,0-2
160,1505,1,0,2,0-2
343,1232,1,0,2,0-2
118,1272,1,0,2,0-2
299,1029,1,0,2,0-2
101,1090,1,0,2,0-2
182,1293,1,0,2,0-2
187,1170,1,0,2,0-2
64,1565,1,0,2,0-2
140,982,1,0,2,0-2
281,1299,1,0,2,0-2
726,906,1,1,2,1-2
29,1427,1,0,2,0-2
6,1185,1,0,2,0-2
393,1364,1,0,2,0-2
231,1586,1,0,2,0-2
91,1609,1,0,2,0-2
244,1331,1,0,2,0-2
161,1504,1,0,2,0-2
90,939,1,0,2,0-2
365,1038,1,0,2,0-2
11,1339,1,0,2,0-2
278,1244,1,0,2,0-2
339,1528,1,0,2,0-2
405,962,1,0,2,0-2
142,1517,1,0,2,0-2
274,1531,1,0,2,0-2
268,1006,1,0,2,0-2
88,1412,1,0,2,0-2
395,1127,1,0,2,0-2
320,971,1,0,2,0-2
334,943,1,0,2,0-2
328,1491,1,0,2,0-2
172,1203,1,0,2,0-2
119,1253,1,0,2,0-2
62,978,1,0,2,0-2
287,1234,1,0,2,0-2
34,1592,1,0,2,0-2
252,1624,1,0,2,0-2
196,1115,1,0,2,0-2
400,1157,1,0,2,0-2
86,988,1,0,2,0-2
369,1439,1,0,2,0-2
26,1308,1,0,2,0-2
8,1563,1,0,2,0-2
74,954,1,0,2,0-2
86,1247,1,0,2,0-2
278,1267,1,0,2,0-2
47,1184,1,0,2,0-2
178,980,1,0,2,0-2
287,1234,1,0,2,0-2
317,1260,1,0,2,0-2
176,1523,1,0,2,0-2
297,1462,1,0,2,0-2
391,1288,1,0,2,0-2
353,1265,1,0,2,0-2
326,1227,1,0,2,0-2
399,1449,1,0,2,0-2
48,1480,1,0,2,0-2
87,1149,1,0,2,0-2
9,1229,1,0,2,0-2
155,1600,1,0,2,0-2
716,1379,1,1,2,1-2
156,1562,1,0,2,0-2
149,1033,1,0,2,0-2
74,1440,1,0,2,0-2
30,1242,1,0,2,0-2
173,949,1,0,2,0-2
436,1055,1,1,2,1-2
254,1534,1,0,2,0-2
327,1003,1,0,2,0-2
215,1036,1,0,2,0-2
340,1524,1,0,2,0-2
343,1233,1,0,2,0-2
276,1175,1,0,2,0-2
322,1561,1,0,2,0-2
54,1159,1,0,2,0-2
127,1168,1,0,2,0-2
137,1571,1,0,2,0-2
227,1471,1,0,2,0-2
0,964,1,0,2,0-2
157,1199,1,0,2,0-2
168,1118,1,0,2,0-2
201,928,1,0,2,0-2
326,1227,1,0,2,0-2
148,983,1,0,2,0-2
3,1294,1,0,2,0-2
187,1134,1,0,2,0-2
179,1366,1,0,2,0-2
226,1617,1,0,2,0-2
63,1206,1,0,2,0-2
295,1220,1,0,2,0-2
220,1345,1,0,2,0-2
238,1373,1,0,2,0-2
359,1604,1,0,2,0-2
314,1369,1,0,2,0-2
406,1086,1,0,2,0-2
364,1583,1,0,2,0-2
283,1319,1,0,2,0-2
381,1089,1,0,2,0-2
25,1179,1,0,2,0-2
262,1478,1,0,2,0-2
78,1080,1,0,2,0-2
246,1541,1,0,2,0-2
183,1284,1,0,2,0-2
267,1130,1,0,2,0-2
373,1546,1,0,2,0-2
18,1140,1,0,2,0-2
388,1059,1,0,2,0-2
367,1468,1,0,2,0-2
182,970,1,0,2,0-2
184,1307,1,0,2,0-2
780,1348,1,1,2,1-2
5,1221,1,0,2,0-2
297,1446,1,0,2,0-2
150,1321,1,0,2,0-2
267,1189,1,0,2,0-2
279,1340,1,0,2,0-2
726,1496,1,1,2,1-2
55,1351,1,0,2,0-2
256,910,1,0,2,0-2
289,966,1,0,2,0-2
61,1068,1,0,2,0-2
189,977,1,0,2,0-2
319,1042,1,0,2,0-2
614,1192,1,1,2,1-2
353,904,1,0,2,0-2
211,1310,1,0,2,0-2
363,1507,1,0,2,0-2
213,1037,1,0,2,0-2
169,1625,1,0,2,0-2
113,1079,1,0,2,0-2
24,1611,1,0,2,0-2
338,1408,1,0,2,0-2
273,957,1,0,2,0-2
357,1109,1,0,2,0-2
202,1266,1,0,2,0-2
303,1176,1,0,2,0-2
33,1451,1,0,2,0-2
199,989,1,0,2,0-2
185,1572,1,0,2,0-2
396,1252,1,0,2,0-2
256,1343,1,0,2,0-2
182,1476,1,0,2,0-2
242,1286,1,0,2,0-2
402,1124,1,0,2,0-2
394,1024,1,0,2,0-2
333,1153,1,0,2,0-2
153,1309,1,0,2,0-2
337,1128,1,0,2,0-2
79,1278,1,0,2,0-2
128,1011,1,0,2,0-2
32,1567,1,0,2,0-2
429,1550,1,1,2,1-2
110,1191,1,0,2,0-2
307,1025,1,0,2,0-2
314,1131,1,0,2,0-2
354,1424,1,0,2,0-2
253,1441,1,0,2,0-2
318,1002,1,0,2,0-2
111,1323,1,0,2,0-2
308,1073,1,0,2,0-2
310,1009,1,0,2,0-2
387,1204,1,0,2,0-2
2,1515,1,0,2,0-2
331,1443,1,0,2,0-2
385,1626,1,0,2,0-2
73,1494,1,0,2,0-2
219,1114,1,0,2,0-2
387,1051,1,0,2,0-2
316,1346,1,0,2,0-2
369,1525,1,0,2,0-2
377,1156,1,0,2,0-2
210,1511,1,0,2,0-2
290,1255,1,0,2,0-2
76,1162,1,0,2,0-2
82,1607,1,0,2,0-2
380,1512,1,0,2,0-2
124,905,1,0,2,0-2
51,1514,1,0,2,0-2
84,1126,1,0,2,0-2
265,1020,1,0,2,0-2
321,1295,1,0,2,0-2
276,1356,1,0,2,0-2
716,1581,1,1,2,1-2
219,1332,1,0,2,0-2
252,1195,1,0,2,0-2
198,1574,1,0,2,0-2
219,1330,1,0,2,0-2
48,973,1,0,2,0-2
241,1429,1,0,2,0-2
314,1458,1,0,2,0-2
208,1096,1,0,2,0-2
280,1094,1,0,2,0-2
112,1091,1,0,2,0-2
218,1297,1,0,2,0-2
394,1061,1,0,2,0-2
382,1271,1,0,2,0-2
248,1258,1,0,2,0-2
198,1360,1,0,2,0-2
331,1324,1,0,2,0-2
298,1082,1,0,2,0-2
356,1578,1,0,2,0-2
298,1419,1,0,2,0-2
94,1023,1,0,2,0-2
15,1281,1,0,2,0-2
216,907,1,0,2,0-2
502,1110,1,1,2,1-2
92,1430,1,0,2,0-2
181,1322,1,0,2,0-2
314,1484,1,0,2,0-2
214,1483,1,0,2,0-2
255,1015,1,0,2,0-2
266,1074,1,0,2,0-2
223,924,1,0,2,0-2
61,1371,1,0,2,0-2
58,1303,1,0,2,0-2
11,1292,1,0,2,0-2
408,1237,1,0,2,0-2
77,1045,1,0,2,0-2
260,960,1,0,2,0-2
203,1432,1,0,2,0-2
93,1584,1,0,2,0-2
86,1370,1,0,2,0-2
27,1474,1,0,2,0-2
282,1222,1,0,2,0-2
277,1240,1,0,2,0-2
249,1198,1,0,2,0-2
314,1325,1,0,2,0-2
250,1469,1,0,2,0-2
184,1568,1,0,2,0-2
59,1063,1,0,2,0-2
156,1217,1,0,2,0-2
902,1098,1,1,2,1-2
59,945,1,0,2,0-2
72,967,1,0,2,0-2
251,1495,1,0,2,0-2
171,1158,1,0,2,0-2
332,1228,1,0,2,0-2
109,1119,1,0,2,0-2
350,1241,1,0,2,0-2
86,1273,1,0,2,0-2
311,1595,1,0,2,0-2
21,1352,1,0,2,0-2
206,1245,1,0,2,0-2
321,1187,1,0,2,0-2
387,968,1,0,2,0-2
187,923,1,0,2,0-2
321,1582,1,0,2,0-2
136,1477,1,0,2,0-2
31,1172,1,0,2,0-2
126,1401,1,0,2,0-2
351,1357,1,0,2,0-2
372,1602,1,0,2,0-2
102,1103,1,0,2,0-2
166,1413,1,0,2,0-2
46,1610,1,0,2,0-2
287,1150,1,0,2,0-2
82,1447,1,0,2,0-2
19,1218,1,0,2,0-2
31,1205,1,0,2,0-2
198,1263,1,0,2,0-2
51,1072,1,0,2,0-2
133,1358,1,0,2,0-2
180,1526,1,0,2,0-2
131,1509,1,0,2,0-2
175,909,1,0,2,0-2
436,1211,1,1,2,1-2
273,1210,1,0,2,0-2
409,1012,1,0,2,0-2
61,1437,1,0,2,0-2
233,1279,1,0,2,0-2
229,987,1,0,2,0-2
286,1178,1,0,2,0-2
220,1183,1,0,2,0-2
190,1585,1,0,2,0-2
40,1577,1,0,2,0-2
16,1018,1,0,2,0-2
751,1275,1,1,2,1-2
53,1398,1,0,2,0-2
350,1243,1,0,2,0-2
401,1329,1,0,2,0-2
22,984,1,0,2,0-2
378,1049,1,0,2,0-2
269,1259,1,0,2,0-2
329,1537,1,0,2,0-2
387,1396,1,0,2,0-2
397,1385,1,0,2,0-2
164,1111,1,0,2,0-2
145,1298,1,0,2,0-2
14,1365,1,0,2,0-2
42,1612,1,0,2,0-2
107,1431,1,0,2,0-2
143,1629,1,0,2,0-2
243,1455,1,0,2,0-2
376,1302,1,0,2,0-2
309,1104,1,0,2,0-2
294,1394,1,0,2,0-2
313,1334,1,0,2,0-2
146,1380,1,0,2,0-2
159,1619,1,0,2,0-2
288,1224,1,0,2,0-2
1,1570,1,0,2,0-2
362,1461,1,0,2,0-2
15,1353,1,0,2,0-2
392,1180,1,0,2,0-2
264,1209,1,0,2,0-2
114,1145,1,0,2,0-2
369,1215,1,0,2,0-2
123,1093,1,0,2,0-2
204,1304,1,0,2,0-2
2,1077,1,0,2,0-2
321,1487,1,0,2,0-2
69,1444,1,0,2,0-2
237,1361,1,0,2,0-2
389,1317,1,0,2,0-2
232,1207,1,0,2,0-2
97,1212,1,0,2,0-2
83,1387,1,0,2,0-2
375,1416,1,0,2,0-2
273,1139,1,0,2,0-2
194,951,1,0,2,0-2
271,1336,1,0,2,0-2
325,1521,1,0,2,0-2
361,1208,1,0,2,0-2
121,1481,1,0,2,0-2
138,1498,1,0,2,0-2
207,1475,1,0,2,0-2
100,1506,1,0,2,0-2
379,1171,1,0,2,0-2
44,1069,1,0,2,0-2
128,1011,1,0,2,0-2
336,1566,1,0,2,0-2
272,1050,1,0,2,0-2
162,1060,1,0,2,0-2
41,1084,1,0,2,0-2
96,1177,1,0,2,0-2
220,1027,1,0,2,0-2
39,1450,1,0,2,0-2
115,1620,1,0,2,0-2
120,1456,1,0,2,0-2
582,1598,1,1,2,1-2
576,1527,1,1,2,1-2
420,1463,1,1,2,1-2
744,1235,1,1,2,1-2
712,1522,1,1,2,1-2
824,1019,1,1,2,1-2
773,958,1,1,2,1-2
469,1206,1,1,2,1-2
894,1448,1,1,2,1-2
859,1173,1,1,2,1-2
739,1194,1,1,2,1-2
650,1492,1,1,2,1-2
848,1123,1,1,2,1-2
650,999,1,1,2,1-2
773,1066,1,1,2,1-2
565,1316,1,1,2,1-2
819,1555,1,1,2,1-2
876,1181,1,1,2,1-2
619,1174,1,1,2,1-2
876,1097,1,1,2,1-2
755,1613,1,1,2,1-2
472,915,1,1,2,1-2
465,1409,1,1,2,1-2
538,981,1,1,2,1-2
722,1007,1,1,2,1-2
824,948,1,1,2,1-2
432,1249,1,1,2,1-2
712,1482,1,1,2,1-2
540,1067,1,1,2,1-2
859,1406,1,1,2,1-2
679,979,1,1,2,1-2
652,952,1,1,2,1-2
848,1043,1,1,2,1-2
546,1428,1,1,2,1-2
576,1415,1,1,2,1-2
565,1564,1,1,2,1-2
744,1457,1,1,2,1-2
465,1137,1,1,2,1-2
572,991,1,1,2,1-2
824,1473,1,1,2,1-2
523,1219,1,1,2,1-2
548,1438,1,1,2,1-2
859,1452,1,1,2,1-2
520,1196,1,1,2,1-2
432,1249,1,1,2,1-2
687,1414,1,1,2,1-2
860,1499,1,1,2,1-2
417,1621,1,1,2,1-2
817,1392,1,1,2,1-2
599,1169,1,1,2,1-2
872,1405,1,1,2,1-2
586,1404,1,1,2,1-2
523,1400,1,1,2,1-2
519,1116,1,1,2,1-2
565,1552,1,1,2,1-2
518,1006,1,1,2,1-2
713,1188,1,1,2,1-2
545,1423,1,1,2,1-2
824,1274,1,1,2,1-2
824,1374,1,1,2,1-2
824,1587,1,1,2,1-2
848,1251,1,1,2,1-2
597,1530,1,1,2,1-2
555,1442,1,1,2,1-2
808,1464,1,1,2,1-2
488,1182,1,1,2,1-2
586,969,1,1,2,1-2
834,1238,1,1,2,1-2
411,1547,1,1,2,1-2
894,1108,1,1,2,1-2
824,1046,1,1,2,1-2
568,1576,1,1,2,1-2
841,1057,1,1,2,1-2
773,1054,1,1,2,1-2
677,956,1,1,2,1-2
894,1314,1,1,2,1-2
523,908,1,1,2,1-2
540,916,1,1,2,1-2
813,1256,1,1,2,1-2
877,1099,1,1,2,1-2
803,1465,1,1,2,1-2
773,1341,1,1,2,1-2
824,1518,1,1,2,1-2
894,1335,1,1,2,1-2
869,1548,1,1,2,1-2
540,1121,1,1,2,1-2
553,1075,1,1,2,1-2
850,1435,1,1,2,1-2
445,940,1,1,2,1-2
493,1028,1,1,2,1-2
718,1064,1,1,2,1-2
544,1213,1,1,2,1-2
489,1008,1,1,2,1-2
609,1100,1,1,2,1-2
612,1422,1,1,2,1-2
786,1071,1,1,2,1-2
817,1421,1,1,2,1-2
561,1367,1,1,2,1-2
810,1375,1,1,2,1-2
547,937,1,1,2,1-2
881,959,1,1,2,1-2
894,941,1,1,2,1-2
490,1390,1,1,2,1-2
829,1355,1,1,2,1-2
894,1277,1,1,2,1-2
648,1382,1,1,2,1-2
540,932,1,1,2,1-2
644,1434,1,1,2,1-2
587,1248,1,1,2,1-2
474,1470,1,1,2,1-2
465,1301,1,1,2,1-2
894,1315,1,1,2,1-2
424,1354,1,1,2,1-2
523,1540,1,1,2,1-2
584,1107,1,1,2,1-2
565,1155,1,1,2,1-2
735,920,1,1,2,1-2
545,917,1,1,2,1-2
723,1569,1,1,2,1-2
480,1254,1,1,2,1-2
744,1235,1,1,2,1-2
563,1105,1,1,2,1-2
894,1407,1,1,2,1-2
894,1410,1,1,2,1-2
685,1320,1,1,2,1-2
764,1420,1,1,2,1-2
725,918,1,1,2,1-2
588,1167,1,1,2,1-2
548,1596,1,1,2,1-2
698,1290,1,1,2,1-2
903,1370,1,1,2,1-2
685,1135,1,1,2,1-2
881,1289,1,1,2,1-2
485,1085,1,1,2,1-2
436,1270,1,1,2,1-2
824,992,1,1,2,1-2
418,975,1,1,2,1-2
492,1453,1,1,2,1-2
566,1125,1,1,2,1-2
460,1347,1,1,2,1-2
540,1622,1,1,2,1-2
545,1102,1,1,2,1-2
480,1014,1,1,2,1-2
417,994,1,1,2,1-2
729,1062,1,1,2,1-2
727,1628,1,1,2,1-2
867,1197,1,1,2,1-2
422,1166,1,1,2,1-2
583,1560,1,1,2,1-2
496,1533,1,1,2,1-2
835,1553,1,1,2,1-2
714,1283,1,1,2,1-2
848,1226,1,1,2,1-2
855,1593,1,1,2,1-2
620,936,1,1,2,1-2
556,1575,1,1,2,1-2
656,1388,1,1,2,1-2
648,1623,1,1,2,1-2
545,1117,1,1,2,1-2
655,1122,1,1,2,1-2
441,926,1,1,2,1-2
589,934,1,1,2,1-2
714,1488,1,1,2,1-2
704,1381,1,1,2,1-2
659,1164,1,1,2,1-2
841,1397,1,1,2,1-2
475,993,1,1,2,1-2
831,1148,1,1,2,1-2
832,1459,1,1,2,1-2
697,1399,1,1,2,1-2
468,1493,1,1,2,1-2
442,1113,1,1,2,1-2
426,1313,1,1,2,1-2
675,1376,1,1,2,1-2
894,1129,1,1,2,1-2
810,1549,1,1,2,1-2
848,1579,1,1,2,1-2
665,1257,1,1,2,1-2
657,1026,1,1,2,1-2
815,972,1,1,2,1-2
632,1326,1,1,2,1-2
833,1551,1,1,2,1-2
509,1095,1,1,2,1-2
733,1519,1,1,2,1-2
532,1535,1,1,2,1-2
545,996,1,1,2,1-2
753,1426,1,1,2,1-2
620,1510,1,1,2,1-2
448,1136,1,1,2,1-2
744,1202,1,1,2,1-2
508,1268,1,1,2,1-2
608,1333,1,1,2,1-2
538,1143,1,1,2,1-2
495,912,1,1,2,1-2
711,1605,1,1,2,1-2
523,1556,1,1,2,1-2
611,1246,1,1,2,1-2
545,1554,1,1,2,1-2
687,1411,1,1,2,1-2
807,911,1,1,2,1-2
477,1544,1,1,2,1-2
660,1056,1,1,2,1-2
769,1589,1,1,2,1-2
892,1264,1,1,2,1-2
565,1047,1,1,2,1-2
714,1536,1,1,2,1-2
728,1627,1,1,2,1-2
714,1101,1,1,2,1-2
815,1372,1,1,2,1-2
894,998,1,1,2,1-2
861,1417,1,1,2,1-2
778,1344,1,1,2,1-2
723,1391,1,1,2,1-2
771,1580,1,1,2,1-2
792,955,1,1,2,1-2
726,925,1,1,2,1-2
861,1236,1,1,2,1-2
820,1377,1,1,2,1-2
805,1160,1,1,2,1-2
687,1112,1,1,2,1-2
739,1083,1,1,2,1-2
748,1065,1,1,2,1-2
873,1132,1,1,2,1-2
549,1608,1,1,2,1-2
492,919,1,1,2,1-2
437,1005,1,1,2,1-2
743,1216,1,1,2,1-2
545,1230,1,1,2,1-2
492,1349,1,1,2,1-2
779,1588,1,1,2,1-2
669,1616,1,1,2,1-2
837,1147,1,1,2,1-2
741,963,1,1,2,1-2
836,1163,1,1,2,1-2
714,1285,1,1,2,1-2
878,1000,1,1,2,1-2
861,1138,1,1,2,1-2
815,922,1,1,2,1-2
851,1590,1,1,2,1-2
602,944,1,1,2,1-2
714,1058,1,1,2,1-2
452,929,1,1,2,1-2
885,1200,1,1,2,1-2
876,1181,1,1,2,1-2
419,1389,1,1,2,1-2
841,909,1,1,2,1-2
529,1559,1,1,2,1-2
882,1106,1,1,2,1-2
505,1152,1,1,2,1-2
853,1337,1,1,2,1-2
411,965,1,1,2,1-2
565,913,1,1,2,1-2
726,1393,1,1,2,1-2
630,1557,1,1,2,1-2
630,1445,1,1,2,1-2
896,1472,1,1,2,1-2
492,1501,1,1,2,1-2
666,1543,1,1,2,1-2
561,1186,1,1,2,1-2
484,1258,1,1,2,1-2
687,990,1,1,2,1-2
492,1120,1,1,2,1-2
881,930,1,1,2,1-2
765,935,1,1,2,1-2
557,1078,1,1,2,1-2
454,1436,1,1,2,1-2
723,1282,1,1,2,1-2
694,1486,1,1,2,1-2
576,1363,1,1,2,1-2
875,1489,1,1,2,1-2
667,974,1,1,2,1-2
453,1092,1,1,2,1-2
829,950,1,1,2,1-2
718,1378,1,1,2,1-2
848,1513,1,1,2,1-2
896,1350,1,1,2,1-2
714,1022,1,1,2,1-2
876,938,1,1,2,1-2
809,1031,1,1,2,1-2
802,995,1,1,2,1-2
898,1013,1,1,2,1-2
463,1201,1,1,2,1-2
803,1618,1,1,2,1-2
673,1460,1,1,2,1-2
859,1214,1,1,2,1-2
714,1529,1,1,2,1-2
715,1041,1,1,2,1-2
667,1239,1,1,2,1-2
416,1490,1,1,2,1-2
687,1291,1,1,2,1-2
577,1601,1,1,2,1-2
803,1292,1,1,2,1-2
435,1001,1,1,2,1-2
834,976,1,1,2,1-2
533,1362,1,1,2,1-2
728,1087,1,1,2,1-2
636,997,1,1,2,1-2
900,927,1,1,2,1-2
466,1497,1,1,2,1-2
631,1021,1,1,2,1-2
657,1296,1,1,2,1-2
673,1466,1,1,2,1-2
762,1032,1,1,2,1-2
821,1383,1,1,2,1-2
475,1280,1,1,2,1-2
768,1402,1,1,2,1-2
761,1017,1,1,2,1-2
887,1287,1,1,2,1-2
704,1467,1,1,2,1-2
687,1151,1,1,2,1-2
686,1485,1,1,2,1-2
676,1503,1,1,2,1-2
896,1318,1,1,2,1-2
888,931,1,1,2,1-2
545,1230,1,1,2,1-2
492,1558,1,1,2,1-2
834,1165,1,1,2,1-2
687,1052,1,1,2,1-2
635,1217,1,1,2,1-2
511,947,1,1,2,1-2
439,1016,1,1,2,1-2
896,914,1,1,2,1-2
425,1306,1,1,2,1-2
491,1418,1,1,2,1-2
561,1048,1,1,2,1-2
709,1479,1,1,2,1-2
672,1304,1,1,2,1-2
659,1164,1,1,2,1-2
882,1425,1,1,2,1-2
882,1425,1,1,2,1-2
878,933,1,1,2,1-2
760,921,1,1,2,1-2
741,1141,1,1,2,1-2
581,1359,1,1,2,1-2
701,1606,1,1,2,1-2
539,946,1,1,2,1-2
841,1614,1,1,2,1-2
865,1545,1,1,2,1-2
601,986,1,1,2,1-2
880,1573,1,1,2,1-2
545,1053,1,1,2,1-2
765,1154,1,1,2,1-2
746,1030,1,1,2,1-2
691,1225,1,1,2,1-2
611,1342,1,1,2,1-2
655,1261,1,1,2,1-2
645,1538,1,1,2,1-2
739,1615,1,1,2,1-2
672,1304,1,1,2,1-2
492,1144,1,1,2,1-2
613,1262,1,1,2,1-2
461,961,1,1,2,1-2
847,1454,1,1,2,1-2
568,1146,1,1,2,1-2
545,1597,1,1,2,1-2
861,1539,1,1,2,1-2
876,985,1,1,2,1-2
667,1088,1,1,2,1-2
425,1010,1,1,2,1-2
448,1269,1,1,2,1-2
462,1034,1,1,2,1-2
492,1040,1,1,2,1-2
480,1039,1,1,2,1-2
428,1311,1,1,2,1-2
773,1035,1,1,2,1-2
657,1276,1,1,2,1-2
593,1591,1,1,2,1-2
514,1384,1,1,2,1-2
554,1532,1,1,2,1-2
815,1338,1,1,2,1-2
726,1004,1,1,2,1-2
845,1368,1,1,2,1-2
866,1386,1,1,2,1-2
620,936,1,1,2,1-2
829,950,1,1,2,1-2
695,1305,1,1,2,1-2
728,1505,1,1,2,1-2
684,1232,1,1,2,1-2
613,1272,1,1,2,1-2
456,1603,1,1,2,1-2
682,1029,1,1,2,1-2
889,1090,1,1,2,1-2
417,1293,1,1,2,1-2
492,1170,1,1,2,1-2
887,1565,1,1,2,1-2
794,982,1,1,2,1-2
852,1299,1,1,2,1-2
451,906,1,1,2,1-2
858,1427,1,1,2,1-2
742,1185,1,1,2,1-2
887,1364,1,1,2,1-2
540,1586,1,1,2,1-2
611,1609,1,1,2,1-2
621,1331,1,1,2,1-2
622,1504,1,1,2,1-2
543,939,1,1,2,1-2
531,1038,1,1,2,1-2
483,1339,1,1,2,1-2
803,1244,1,1,2,1-2
507,1528,1,1,2,1-2
550,962,1,1,2,1-2
856,1517,1,1,2,1-2
688,1531,1,1,2,1-2
518,1006,1,1,2,1-2
629,1412,1,1,2,1-2
795,1500,1,1,2,1-2
641,1127,1,1,2,1-2
707,971,1,1,2,1-2
476,943,1,1,2,1-2
720,1491,1,1,2,1-2
634,1203,1,1,2,1-2
757,1253,1,1,2,1-2
838,978,1,1,2,1-2
600,1234,1,1,2,1-2
714,1592,1,1,2,1-2
635,1624,1,1,2,1-2
848,1115,1,1,2,1-2
521,1157,1,1,2,1-2
658,988,1,1,2,1-2
643,1439,1,1,2,1-2
687,1308,1,1,2,1-2
862,1563,1,1,2,1-2
731,954,1,1,2,1-2
579,1247,1,1,2,1-2
736,1267,1,1,2,1-2
830,1599,1,1,2,1-2
741,1184,1,1,2,1-2
501,980,1,1,2,1-2
600,1234,1,1,2,1-2
815,1260,1,1,2,1-2
814,1523,1,1,2,1-2
798,1231,1,1,2,1-2
534,1462,1,1,2,1-2
825,1288,1,1,2,1-2
486,1265,1,1,2,1-2
425,1227,1,1,2,1-2
456,1603,1,1,2,1-2
413,1449,1,1,2,1-2
897,1480,1,1,2,1-2
680,1149,1,1,2,1-2
443,1229,1,1,2,1-2
517,1600,1,1,2,1-2
716,1379,1,1,2,1-2
646,1562,1,1,2,1-2
754,1033,1,1,2,1-2
450,1440,1,1,2,1-2
662,1508,1,1,2,1-2
414,1242,1,1,2,1-2
482,949,1,1,2,1-2
841,1055,1,1,2,1-2
515,1534,1,1,2,1-2
613,1003,1,1,2,1-2
580,1036,1,1,2,1-2
547,1524,1,1,2,1-2
633,1233,1,1,2,1-2
745,1175,1,1,2,1-2
726,1561,1,1,2,1-2
532,1159,1,1,2,1-2
849,1168,1,1,2,1-2
848,1571,1,1,2,1-2
642,1190,1,1,2,1-2
603,1471,1,1,2,1-2
576,1250,1,1,2,1-2
504,964,1,1,2,1-2
843,1199,1,1,2,1-2
578,1118,1,1,2,1-2
842,928,1,1,2,1-2
425,1227,1,1,2,1-2
543,983,1,1,2,1-2
740,1294,1,1,2,1-2
881,1134,1,1,2,1-2
532,1366,1,1,2,1-2
411,1617,1,1,2,1-2
647,1328,1,1,2,1-2
827,1300,1,1,2,1-2
469,1206,1,1,2,1-2
655,1220,1,1,2,1-2
638,1345,1,1,2,1-2
717,1312,1,1,2,1-2
482,1373,1,1,2,1-2
890,1604,1,1,2,1-2
555,1369,1,1,2,1-2
763,1086,1,1,2,1-2
879,1583,1,1,2,1-2
747,1319,1,1,2,1-2
884,1089,1,1,2,1-2
868,1179,1,1,2,1-2
561,1478,1,1,2,1-2
839,1080,1,1,2,1-2
536,1541,1,1,2,1-2
708,1594,1,1,2,1-2
687,1284,1,1,2,1-2
683,1130,1,1,2,1-2
783,1546,1,1,2,1-2
733,1140,1,1,2,1-2
649,1059,1,1,2,1-2
611,1468,1,1,2,1-2
564,970,1,1,2,1-2
485,1433,1,1,2,1-2
724,1307,1,1,2,1-2
478,1516,1,1,2,1-2
780,1348,1,1,2,1-2
527,1221,1,1,2,1-2
605,1446,1,1,2,1-2
696,1081,1,1,2,1-2
840,1321,1,1,2,1-2
752,1542,1,1,2,1-2
772,1189,1,1,2,1-2
804,1340,1,1,2,1-2
726,1496,1,1,2,1-2
811,1351,1,1,2,1-2
423,910,1,1,2,1-2
653,966,1,1,2,1-2
877,1068,1,1,2,1-2
663,977,1,1,2,1-2
440,1042,1,1,2,1-2
614,1192,1,1,2,1-2
667,904,1,1,2,1-2
722,1310,1,1,2,1-2
479,1507,1,1,2,1-2
719,1037,1,1,2,1-2
784,1625,1,1,2,1-2
459,1079,1,1,2,1-2
722,1611,1,1,2,1-2
444,1408,1,1,2,1-2
759,957,1,1,2,1-2
611,1109,1,1,2,1-2
449,1266,1,1,2,1-2
848,1176,1,1,2,1-2
706,1451,1,1,2,1-2
606,1133,1,1,2,1-2
447,989,1,1,2,1-2
700,1572,1,1,2,1-2
465,1252,1,1,2,1-2
480,1343,1,1,2,1-2
703,1161,1,1,2,1-2
483,1476,1,1,2,1-2
613,1286,1,1,2,1-2
595,1124,1,1,2,1-2
531,1024,1,1,2,1-2
826,1153,1,1,2,1-2
821,1309,1,1,2,1-2
806,1128,1,1,2,1-2
471,1142,1,1,2,1-2
749,1278,1,1,2,1-2
886,1070,1,1,2,1-2
664,1011,1,1,2,1-2
876,1567,1,1,2,1-2
429,1550,1,1,2,1-2
704,1191,1,1,2,1-2
864,1025,1,1,2,1-2
552,1131,1,1,2,1-2
623,1424,1,1,2,1-2
433,1441,1,1,2,1-2
828,1002,1,1,2,1-2
559,1323,1,1,2,1-2
793,1073,1,1,2,1-2
705,1009,1,1,2,1-2
661,1204,1,1,2,1-2
700,1515,1,1,2,1-2
607,1443,1,1,2,1-2
615,1395,1,1,2,1-2
625,1626,1,1,2,1-2
738,1494,1,1,2,1-2
499,1403,1,1,2,1-2
455,1114,1,1,2,1-2
785,1051,1,1,2,1-2
766,1346,1,1,2,1-2
626,1525,1,1,2,1-2
782,1156,1,1,2,1-2
723,1511,1,1,2,1-2
842,1255,1,1,2,1-2
526,1162,1,1,2,1-2
535,1607,1,1,2,1-2
471,1512,1,1,2,1-2
693,905,1,1,2,1-2
498,1514,1,1,2,1-2
419,1126,1,1,2,1-2
651,1020,1,1,2,1-2
458,1295,1,1,2,1-2
666,1356,1,1,2,1-2
716,1581,1,1,2,1-2
639,1332,1,1,2,1-2
527,1195,1,1,2,1-2
854,1574,1,1,2,1-2
438,1330,1,1,2,1-2
689,973,1,1,2,1-2
434,1044,1,1,2,1-2
788,1429,1,1,2,1-2
562,1458,1,1,2,1-2
774,1096,1,1,2,1-2
692,1094,1,1,2,1-2
899,1091,1,1,2,1-2
480,1297,1,1,2,1-2
531,1061,1,1,2,1-2
528,1502,1,1,2,1-2
569,1076,1,1,2,1-2
571,1271,1,1,2,1-2
484,1258,1,1,2,1-2
570,1360,1,1,2,1-2
594,1324,1,1,2,1-2
515,1082,1,1,2,1-2
624,1578,1,1,2,1-2
515,1419,1,1,2,1-2
457,1023,1,1,2,1-2
776,1281,1,1,2,1-2
649,907,1,1,2,1-2
502,1110,1,1,2,1-2
524,1430,1,1,2,1-2
617,1322,1,1,2,1-2
640,1484,1,1,2,1-2
901,1483,1,1,2,1-2
799,1015,1,1,2,1-2
560,1074,1,1,2,1-2
870,924,1,1,2,1-2
536,1371,1,1,2,1-2
732,1303,1,1,2,1-2
803,1292,1,1,2,1-2
846,1237,1,1,2,1-2
558,1045,1,1,2,1-2
700,960,1,1,2,1-2
522,1432,1,1,2,1-2
430,1584,1,1,2,1-2
903,1370,1,1,2,1-2
863,1474,1,1,2,1-2
690,1222,1,1,2,1-2
856,1240,1,1,2,1-2
800,1198,1,1,2,1-2
823,1325,1,1,2,1-2
790,1469,1,1,2,1-2
781,1568,1,1,2,1-2
523,1063,1,1,2,1-2
596,1223,1,1,2,1-2
635,1217,1,1,2,1-2
902,1098,1,1,2,1-2
440,945,1,1,2,1-2
668,967,1,1,2,1-2
713,1193,1,1,2,1-2
670,1495,1,1,2,1-2
516,1158,1,1,2,1-2
816,1228,1,1,2,1-2
525,1119,1,1,2,1-2
573,1241,1,1,2,1-2
856,1273,1,1,2,1-2
812,1595,1,1,2,1-2
756,1352,1,1,2,1-2
767,1245,1,1,2,1-2
530,1187,1,1,2,1-2
788,968,1,1,2,1-2
714,923,1,1,2,1-2
847,1582,1,1,2,1-2
431,1477,1,1,2,1-2
818,1172,1,1,2,1-2
766,1401,1,1,2,1-2
678,1357,1,1,2,1-2
737,1602,1,1,2,1-2
542,1103,1,1,2,1-2
789,1413,1,1,2,1-2
510,1610,1,1,2,1-2
600,1150,1,1,2,1-2
627,1447,1,1,2,1-2
857,942,1,1,2,1-2
628,1218,1,1,2,1-2
551,1205,1,1,2,1-2
464,1263,1,1,2,1-2
590,1072,1,1,2,1-2
782,1358,1,1,2,1-2
513,1526,1,1,2,1-2
493,1509,1,1,2,1-2
841,909,1,1,2,1-2
436,1211,1,1,2,1-2
726,1210,1,1,2,1-2
506,1012,1,1,2,1-2
677,1437,1,1,2,1-2
674,1279,1,1,2,1-2
671,987,1,1,2,1-2
620,1178,1,1,2,1-2
492,1183,1,1,2,1-2
893,1585,1,1,2,1-2
512,1577,1,1,2,1-2
891,1018,1,1,2,1-2
751,1275,1,1,2,1-2
567,1398,1,1,2,1-2
573,1243,1,1,2,1-2
537,1329,1,1,2,1-2
758,984,1,1,2,1-2
618,1049,1,1,2,1-2
734,1259,1,1,2,1-2
844,1537,1,1,2,1-2
702,1396,1,1,2,1-2
503,1385,1,1,2,1-2
592,1111,1,1,2,1-2
410,1298,1,1,2,1-2
796,1365,1,1,2,1-2
787,1612,1,1,2,1-2
473,1431,1,1,2,1-2
467,1629,1,1,2,1-2
592,1455,1,1,2,1-2
446,1302,1,1,2,1-2
710,1104,1,1,2,1-2
775,1394,1,1,2,1-2
699,1334,1,1,2,1-2
487,1380,1,1,2,1-2
801,1619,1,1,2,1-2
410,1224,1,1,2,1-2
721,1570,1,1,2,1-2
742,1461,1,1,2,1-2
871,1353,1,1,2,1-2
750,1180,1,1,2,1-2
427,1327,1,1,2,1-2
591,1520,1,1,2,1-2
791,1209,1,1,2,1-2
497,1145,1,1,2,1-2
626,1215,1,1,2,1-2
797,1093,1,1,2,1-2
672,1304,1,1,2,1-2
415,1077,1,1,2,1-2
777,1487,1,1,2,1-2
604,1444,1,1,2,1-2
421,1361,1,1,2,1-2
412,1207,1,1,2,1-2
541,953,1,1,2,1-2
770,1212,1,1,2,1-2
481,1387,1,1,2,1-2
654,1416,1,1,2,1-2
726,1139,1,1,2,1-2
610,951,1,1,2,1-2
883,1336,1,1,2,1-2
494,1521,1,1,2,1-2
675,1208,1,1,2,1-2
585,1481,1,1,2,1-2
500,1498,1,1,2,1-2
470,1475,1,1,2,1-2
730,1506,1,1,2,1-2
616,1171,1,1,2,1-2
664,1011,1,1,2,1-2
874,1566,1,1,2,1-2
637,1050,1,1,2,1-2
605,1060,1,1,2,1-2
895,1084,1,1,2,1-2
681,1177,1,1,2,1-2
598,1027,1,1,2,1-2
575,1450,1,1,2,1-2
574,1620,1,1,2,1-2
822,1456,1,1,2,1-2
1598,1632,1,2,3,2-3
1598,1651,1,2,3,2-3
1598,1646,1,2,3,2-3
1598,1630,1,2,3,2-3
1527,1632,1,2,3,2-3
1527,1638,1,2,3,2-3
1463,1651,1,2,3,2-3
1463,1647,1,2,3,2-3
1463,1650,1,2,3,2-3
1463,1644,1,2,3,2-3
1463,1646,1,2,3,2-3
1463,1633,1,2,3,2-3
1463,1645,1,2,3,2-3
1235,1632,1,2,3,2-3
1235,1651,1,2,3,2-3
1235,1630,1,2,3,2-3
1522,1651,1,2,3,2-3
1522,1646,1,2,3,2-3
1019,1640,1,2,3,2-3
1019,1645,1,2,3,2-3
958,1632,1,2,3,2-3
958,1651,1,2,3,2-3
958,1630,1,2,3,2-3
1206,1632,1,2,3,2-3
1206,1651,1,2,3,2-3
1206,1638,1,2,3,2-3
1448,1651,1,2,3,2-3
1448,1647,1,2,3,2-3
1448,1650,1,2,3,2-3
1448,1644,1,2,3,2-3
1448,1646,1,2,3,2-3
1173,1632,1,2,3,2-3
1173,1651,1,2,3,2-3
1173,1646,1,2,3,2-3
1173,1630,1,2,3,2-3
1173,1638,1,2,3,2-3
1194,1632,1,2,3,2-3
1194,1651,1,2,3,2-3
1194,1630,1,2,3,2-3
1492,1651,1,2,3,2-3
1492,1647,1,2,3,2-3
1492,1644,1,2,3,2-3
1492,1630,1,2,3,2-3
1123,1632,1,2,3,2-3
1123,1648,1,2,3,2-3
1123,1640,1,2,3,2-3
1123,1638,1,2,3,2-3
999,1651,1,2,3,2-3
999,1647,1,2,3,2-3
999,1650,1,2,3,2-3
999,1644,1,2,3,2-3
1066,1632,1,2,3,2-3
1066,1651,1,2,3,2-3
1066,1630,1,2,3,2-3
1316,1632,1,2,3,2-3
1316,1651,1,2,3,2-3
1316,1630,1,2,3,2-3
1555,1651,1,2,3,2-3
1555,1647,1,2,3,2-3
1555,1650,1,2,3,2-3
1555,1640,1,2,3,2-3
1555,1644,1,2,3,2-3
1555,1646,1,2,3,2-3
1181,1651,1,2,3,2-3
1181,1640,1,2,3,2-3
1181,1644,1,2,3,2-3
1181,1646,1,2,3,2-3
1174,1632,1,2,3,2-3
1174,1651,1,2,3,2-3
1174,1640,1,2,3,2-3
1174,1630,1,2,3,2-3
1097,1632,1,2,3,2-3
1097,1651,1,2,3,2-3
1097,1630,1,2,3,2-3
1613,1632,1,2,3,2-3
1613,1651,1,2,3,2-3
1613,1647,1,2,3,2-3
1613,1650,1,2,3,2-3
1613,1640,1,2,3,2-3
1613,1644,1,2,3,2-3
1613,1630,1,2,3,2-3
915,1651,1,2,3,2-3
915,1647,1,2,3,2-3
915,1650,1,2,3,2-3
915,1644,1,2,3,2-3
915,1630,1,2,3,2-3
1409,1651,1,2,3,2-3
1409,1647,1,2,3,2-3
1409,1644,1,2,3,2-3
1409,1646,1,2,3,2-3
981,1632,1,2,3,2-3
981,1651,1,2,3,2-3
981,1630,1,2,3,2-3
1007,1651,1,2,3,2-3
1007,1640,1,2,3,2-3
1007,1630,1,2,3,2-3
948,1632,1,2,3,2-3
948,1651,1,2,3,2-3
948,1630,1,2,3,2-3
948,1638,1,2,3,2-3
1249,1632,1,2,3,2-3
1249,1651,1,2,3,2-3
1249,1640,1,2,3,2-3
1249,1652,1,2,3,2-3
1249,1630,1,2,3,2-3
1482,1651,1,2,3,2-3
1482,1646,1,2,3,2-3
1067,1640,1,2,3,2-3
1067,1646,1,2,3,2-3
1067,1645,1,2,3,2-3
1406,1632,1,2,3,2-3
1406,1651,1,2,3,2-3
1406,1630,1,2,3,2-3
979,1651,1,2,3,2-3
979,1644,1,2,3,2-3
979,1646,1,2,3,2-3
979,1639,1,2,3,2-3
952,1647,1,2,3,2-3
952,1650,1,2,3,2-3
952,1644,1,2,3,2-3
952,1646,1,2,3,2-3
1043,1632,1,2,3,2-3
1043,1651,1,2,3,2-3
1428,1651,1,2,3,2-3
1428,1647,1,2,3,2-3
1428,1650,1,2,3,2-3
1428,1644,1,2,3,2-3
1428,1646,1,2,3,2-3
1428,1633,1,2,3,2-3
1415,1632,1,2,3,2-3
1415,1651,1,2,3,2-3
1415,1630,1,2,3,2-3
1415,1638,1,2,3,2-3
1564,1632,1,2,3,2-3
1564,1640,1,2,3,2-3
1564,1636,1,2,3,2-3
1564,1634,1,2,3,2-3
1457,1632,1,2,3,2-3
1457,1651,1,2,3,2-3
1457,1630,1,2,3,2-3
1137,1632,1,2,3,2-3
1137,1651,1,2,3,2-3
1137,1647,1,2,3,2-3
1137,1650,1,2,3,2-3
1137,1644,1,2,3,2-3
1137,1646,1,2,3,2-3
991,1632,1,2,3,2-3
991,1640,1,2,3,2-3
991,1639,1,2,3,2-3
991,1630,1,2,3,2-3
1473,1651,1,2,3,2-3
1473,1640,1,2,3,2-3
1473,1638,1,2,3,2-3
1473,1637,1,2,3,2-3
1219,1632,1,2,3,2-3
1219,1639,1,2,3,2-3
1219,1638,1,2,3,2-3
1438,1632,1,2,3,2-3
1438,1651,1,2,3,2-3
1438,1647,1,2,3,2-3
1438,1650,1,2,3,2-3
1438,1644,1,2,3,2-3
1452,1651,1,2,3,2-3
1452,1630,1,2,3,2-3
1452,1638,1,2,3,2-3
1196,1651,1,2,3,2-3
1196,1644,1,2,3,2-3
1196,1646,1,2,3,2-3
1196,1639,1,2,3,2-3
1249,1632,1,2,3,2-3
1249,1651,1,2,3,2-3
1249,1640,1,2,3,2-3
1249,1652,1,2,3,2-3
1249,1630,1,2,3,2-3
1414,1632,1,2,3,2-3
1414,1651,1,2,3,2-3
1414,1646,1,2,3,2-3
1499,1651,1,2,3,2-3
1499,1640,1,2,3,2-3
1499,1646,1,2,3,2-3
1621,1632,1,2,3,2-3
1621,1651,1,2,3,2-3
1621,1646,1,2,3,2-3
1621,1630,1,2,3,2-3
1392,1651,1,2,3,2-3
1392,1647,1,2,3,2-3
1392,1650,1,2,3,2-3
1392,1644,1,2,3,2-3
1392,1646,1,2,3,2-3
1169,1651,1,2,3,2-3
1169,1640,1,2,3,2-3
1169,1630,1,2,3,2-3
1169,1638,1,2,3,2-3
1405,1632,1,2,3,2-3
1405,1651,1,2,3,2-3
1405,1648,1,2,3,2-3
1404,1632,1,2,3,2-3
1404,1651,1,2,3,2-3
1404,1640,1,2,3,2-3
1404,1646,1,2,3,2-3
1400,1651,1,2,3,2-3
1400,1640,1,2,3,2-3
1400,1630,1,2,3,2-3
1116,1632,1,2,3,2-3
1116,1640,1,2,3,2-3
1116,1645,1,2,3,2-3
1552,1632,1,2,3,2-3
1552,1639,1,2,3,2-3
1552,1630,1,2,3,2-3
1552,1638,1,2,3,2-3
1006,1632,1,2,3,2-3
1006,1651,1,2,3,2-3
1006,1638,1,2,3,2-3
1188,1632,1,2,3,2-3
1188,1630,1,2,3,2-3
1423,1635,1,2,3,2-3
1423,1648,1,2,3,2-3
1423,1640,1,2,3,2-3
1274,1640,1,2,3,2-3
1274,1637,1,2,3,2-3
1374,1651,1,2,3,2-3
1374,1640,1,2,3,2-3
1374,1638,1,2,3,2-3
1587,1635,1,2,3,2-3
1587,1650,1,2,3,2-3
1587,1648,1,2,3,2-3
1587,1640,1,2,3,2-3
1251,1640,1,2,3,2-3
1251,1636,1,2,3,2-3
1251,1645,1,2,3,2-3
1251,1634,1,2,3,2-3
1530,1640,1,2,3,2-3
1530,1636,1,2,3,2-3
1530,1634,1,2,3,2-3
1442,1632,1,2,3,2-3
1442,1651,1,2,3,2-3
1442,1630,1,2,3,2-3
1464,1651,1,2,3,2-3
1464,1647,1,2,3,2-3
1464,1650,1,2,3,2-3
1464,1644,1,2,3,2-3
1182,1632,1,2,3,2-3
1182,1651,1,2,3,2-3
1182,1640,1,2,3,2-3
1182,1646,1,2,3,2-3
969,1632,1,2,3,2-3
969,1651,1,2,3,2-3
969,1640,1,2,3,2-3
969,1646,1,2,3,2-3
1238,1632,1,2,3,2-3
1238,1640,1,2,3,2-3
1238,1630,1,2,3,2-3
1238,1638,1,2,3,2-3
1547,1632,1,2,3,2-3
1547,1651,1,2,3,2-3
1547,1647,1,2,3,2-3
1547,1644,1,2,3,2-3
1108,1651,1,2,3,2-3
1108,1647,1,2,3,2-3
1108,1650,1,2,3,2-3
1108,1644,1,2,3,2-3
1108,1646,1,2,3,2-3
1046,1648,1,2,3,2-3
1046,1640,1,2,3,2-3
1046,1638,1,2,3,2-3
1576,1648,1,2,3,2-3
1576,1640,1,2,3,2-3
1576,1639,1,2,3,2-3
1576,1638,1,2,3,2-3
1057,1632,1,2,3,2-3
1057,1651,1,2,3,2-3
1057,1638,1,2,3,2-3
1054,1632,1,2,3,2-3
1054,1651,1,2,3,2-3
1054,1648,1,2,3,2-3
1054,1639,1,2,3,2-3
1054,1638,1,2,3,2-3
956,1635,1,2,3,2-3
956,1640,1,2,3,2-3
956,1631,1,2,3,2-3
1314,1651,1,2,3,2-3
1314,1640,1,2,3,2-3
1314,1645,1,2,3,2-3
908,1632,1,2,3,2-3
908,1639,1,2,3,2-3
908,1638,1,2,3,2-3
916,1648,1,2,3,2-3
916,1638,1,2,3,2-3
1256,1648,1,2,3,2-3
1256,1640,1,2,3,2-3
1256,1652,1,2,3,2-3
1256,1639,1,2,3,2-3
1256,1638,1,2,3,2-3
1099,1640,1,2,3,2-3
1099,1636,1,2,3,2-3
1099,1634,1,2,3,2-3
1465,1650,1,2,3,2-3
1465,1640,1,2,3,2-3
1465,1642,1,2,3,2-3
1465,1633,1,2,3,2-3
1341,1648,1,2,3,2-3
1341,1640,1,2,3,2-3
1341,1636,1,2,3,2-3
1341,1639,1,2,3,2-3
1341,1638,1,2,3,2-3
1518,1639,1,2,3,2-3
1518,1638,1,2,3,2-3
1335,1648,1,2,3,2-3
1335,1640,1,2,3,2-3
1335,1638,1,2,3,2-3
1548,1632,1,2,3,2-3
1548,1651,1,2,3,2-3
1548,1648,1,2,3,2-3
1548,1640,1,2,3,2-3
1548,1630,1,2,3,2-3
1548,1638,1,2,3,2-3
1121,1632,1,2,3,2-3
1121,1640,1,2,3,2-3
1121,1634,1,2,3,2-3
1075,1650,1,2,3,2-3
1075,1644,1,2,3,2-3
1075,1646,1,2,3,2-3
1435,1649,1,2,3,2-3
1435,1640,1,2,3,2-3
940,1635,1,2,3,2-3
940,1640,1,2,3,2-3
1028,1651,1,2,3,2-3
1028,1647,1,2,3,2-3
1028,1640,1,2,3,2-3
1028,1644,1,2,3,2-3
1028,1633,1,2,3,2-3
1064,1651,1,2,3,2-3
1064,1647,1,2,3,2-3
1064,1640,1,2,3,2-3
1064,1644,1,2,3,2-3
1064,1646,1,2,3,2-3
1213,1640,1,2,3,2-3
1213,1630,1,2,3,2-3
1213,1638,1,2,3,2-3
1008,1648,1,2,3,2-3
1008,1640,1,2,3,2-3
1008,1639,1,2,3,2-3
1100,1640,1,2,3,2-3
1100,1636,1,2,3,2-3
1100,1638,1,2,3,2-3
1422,1635,1,2,3,2-3
1422,1640,1,2,3,2-3
1422,1636,1,2,3,2-3
1422,1634,1,2,3,2-3
1071,1651,1,2,3,2-3
1071,1640,1,2,3,2-3
1071,1634,1,2,3,2-3
1421,1651,1,2,3,2-3
1421,1640,1,2,3,2-3
1421,1646,1,2,3,2-3
1367,1651,1,2,3,2-3
1367,1640,1,2,3,2-3
1367,1630,1,2,3,2-3
1367,1638,1,2,3,2-3
1375,1651,1,2,3,2-3
1375,1644,1,2,3,2-3
1375,1646,1,2,3,2-3
1375,1645,1,2,3,2-3
937,1647,1,2,3,2-3
937,1650,1,2,3,2-3
937,1644,1,2,3,2-3
959,1635,1,2,3,2-3
959,1640,1,2,3,2-3
959,1638,1,2,3,2-3
941,1632,1,2,3,2-3
941,1640,1,2,3,2-3
941,1634,1,2,3,2-3
1390,1651,1,2,3,2-3
1390,1647,1,2,3,2-3
1390,1650,1,2,3,2-3
1390,1644,1,2,3,2-3
1355,1632,1,2,3,2-3
1355,1630,1,2,3,2-3
1277,1651,1,2,3,2-3
1277,1640,1,2,3,2-3
1277,1636,1,2,3,2-3
1382,1640,1,2,3,2-3
1382,1633,1,2,3,2-3
1382,1645,1,2,3,2-3
932,1640,1,2,3,2-3
1434,1648,1,2,3,2-3
1434,1640,1,2,3,2-3
1434,1639,1,2,3,2-3
1248,1651,1,2,3,2-3
1248,1630,1,2,3,2-3
1248,1638,1,2,3,2-3
1470,1648,1,2,3,2-3
1470,1640,1,2,3,2-3
1470,1639,1,2,3,2-3
1470,1638,1,2,3,2-3
1470,1637,1,2,3,2-3
1301,1632,1,2,3,2-3
1301,1640,1,2,3,2-3
1301,1646,1,2,3,2-3
1301,1634,1,2,3,2-3
1315,1648,1,2,3,2-3
1315,1640,1,2,3,2-3
1315,1646,1,2,3,2-3
1315,1639,1,2,3,2-3
1354,1648,1,2,3,2-3
1354,1640,1,2,3,2-3
1354,1639,1,2,3,2-3
1354,1638,1,2,3,2-3
1540,1632,1,2,3,2-3
1540,1639,1,2,3,2-3
1540,1638,1,2,3,2-3
1107,1650,1,2,3,2-3
1107,1640,1,2,3,2-3
1107,1630,1,2,3,2-3
1155,1648,1,2,3,2-3
1155,1640,1,2,3,2-3
1155,1638,1,2,3,2-3
920,1647,1,2,3,2-3
920,1644,1,2,3,2-3
920,1646,1,2,3,2-3
917,1632,1,2,3,2-3
917,1648,1,2,3,2-3
917,1640,1,2,3,2-3
917,1638,1,2,3,2-3
1569,1632,1,2,3,2-3
1569,1651,1,2,3,2-3
1569,1647,1,2,3,2-3
1569,1650,1,2,3,2-3
1569,1644,1,2,3,2-3
1569,1646,1,2,3,2-3
1254,1651,1,2,3,2-3
1254,1650,1,2,3,2-3
1254,1640,1,2,3,2-3
1254,1642,1,2,3,2-3
1235,1632,1,2,3,2-3
1235,1651,1,2,3,2-3
1235,1630,1,2,3,2-3
1105,1632,1,2,3,2-3
1105,1651,1,2,3,2-3
1105,1650,1,2,3,2-3
1105,1645,1,2,3,2-3
1105,1630,1,2,3,2-3
1407,1650,1,2,3,2-3
1407,1640,1,2,3,2-3
1410,1635,1,2,3,2-3
1410,1640,1,2,3,2-3
1410,1638,1,2,3,2-3
1320,1635,1,2,3,2-3
1320,1640,1,2,3,2-3
1420,1632,1,2,3,2-3
918,1632,1,2,3,2-3
918,1651,1,2,3,2-3
918,1640,1,2,3,2-3
918,1630,1,2,3,2-3
1167,1632,1,2,3,2-3
1167,1648,1,2,3,2-3
1167,1640,1,2,3,2-3
1167,1638,1,2,3,2-3
1596,1648,1,2,3,2-3
1596,1640,1,2,3,2-3
1596,1639,1,2,3,2-3
1596,1638,1,2,3,2-3
1290,1640,1,2,3,2-3
1290,1639,1,2,3,2-3
1290,1645,1,2,3,2-3
1290,1634,1,2,3,2-3
1370,1648,1,2,3,2-3
1370,1640,1,2,3,2-3
1370,1645,1,2,3,2-3
1135,1640,1,2,3,2-3
1135,1645,1,2,3,2-3
1289,1648,1,2,3,2-3
1289,1640,1,2,3,2-3
1085,1640,1,2,3,2-3
1085,1633,1,2,3,2-3
1085,1645,1,2,3,2-3
1270,1632,1,2,3,2-3
1270,1652,1,2,3,2-3
1270,1638,1,2,3,2-3
992,1635,1,2,3,2-3
992,1648,1,2,3,2-3
992,1640,1,2,3,2-3
975,1640,1,2,3,2-3
975,1634,1,2,3,2-3
1453,1635,1,2,3,2-3
1453,1648,1,2,3,2-3
1453,1640,1,2,3,2-3
1125,1651,1,2,3,2-3
1125,1647,1,2,3,2-3
1125,1650,1,2,3,2-3
1125,1644,1,2,3,2-3
1125,1646,1,2,3,2-3
1347,1650,1,2,3,2-3
1347,1640,1,2,3,2-3
1347,1645,1,2,3,2-3
1622,1640,1,2,3,2-3
1622,1646,1,2,3,2-3
1622,1652,1,2,3,2-3
1102,1648,1,2,3,2-3
1102,1640,1,2,3,2-3
1102,1639,1,2,3,2-3
1102,1638,1,2,3,2-3
1014,1635,1,2,3,2-3
1014,1640,1,2,3,2-3
1014,1631,1,2,3,2-3
994,1632,1,2,3,2-3
994,1640,1,2,3,2-3
994,1638,1,2,3,2-3
1062,1648,1,2,3,2-3
1062,1640,1,2,3,2-3
1628,1640,1,2,3,2-3
1628,1639,1,2,3,2-3
1628,1638,1,2,3,2-3
1197,1648,1,2,3,2-3
1197,1640,1,2,3,2-3
1197,1639,1,2,3,2-3
1166,1632,1,2,3,2-3
1166,1651,1,2,3,2-3
1166,1647,1,2,3,2-3
1166,1650,1,2,3,2-3
1166,1640,1,2,3,2-3
1166,1644,1,2,3,2-3
1166,1630,1,2,3,2-3
1560,1648,1,2,3,2-3
1560,1639,1,2,3,2-3
1560,1638,1,2,3,2-3
1533,1640,1,2,3,2-3
1533,1645,1,2,3,2-3
1533,1630,1,2,3,2-3
1553,1648,1,2,3,2-3
1553,1640,1,2,3,2-3
1553,1638,1,2,3,2-3
1283,1632,1,2,3,2-3
1283,1651,1,2,3,2-3
1283,1646,1,2,3,2-3
1226,1651,1,2,3,2-3
1226,1648,1,2,3,2-3
1226,1640,1,2,3,2-3
1226,1637,1,2,3,2-3
1593,1640,1,2,3,2-3
1593,1645,1,2,3,2-3
1593,1634,1,2,3,2-3
936,1632,1,2,3,2-3
936,1651,1,2,3,2-3
936,1640,1,2,3,2-3
1575,1640,1,2,3,2-3
1575,1639,1,2,3,2-3
1575,1630,1,2,3,2-3
1388,1632,1,2,3,2-3
1388,1651,1,2,3,2-3
1388,1640,1,2,3,2-3
1388,1630,1,2,3,2-3
1388,1638,1,2,3,2-3
1623,1648,1,2,3,2-3
1623,1640,1,2,3,2-3
1623,1639,1,2,3,2-3
1623,1638,1,2,3,2-3
1117,1648,1,2,3,2-3
1117,1640,1,2,3,2-3
1117,1638,1,2,3,2-3
1122,1650,1,2,3,2-3
1122,1640,1,2,3,2-3
1122,1645,1,2,3,2-3
926,1640,1,2,3,2-3
926,1646,1,2,3,2-3
926,1652,1,2,3,2-3
926,1639,1,2,3,2-3
934,1635,1,2,3,2-3
934,1640,1,2,3,2-3
934,1636,1,2,3,2-3
934,1638,1,2,3,2-3
1488,1632,1,2,3,2-3
1488,1651,1,2,3,2-3
1488,1648,1,2,3,2-3
1488,1640,1,2,3,2-3
1488,1639,1,2,3,2-3
1488,1638,1,2,3,2-3
1381,1648,1,2,3,2-3
1381,1640,1,2,3,2-3
1381,1638,1,2,3,2-3
1164,1632,1,2,3,2-3
1164,1651,1,2,3,2-3
1164,1636,1,2,3,2-3
1397,1640,1,2,3,2-3
1397,1639,1,2,3,2-3
1397,1638,1,2,3,2-3
993,1651,1,2,3,2-3
993,1650,1,2,3,2-3
993,1630,1,2,3,2-3
1148,1632,1,2,3,2-3
1148,1635,1,2,3,2-3
1148,1640,1,2,3,2-3
1148,1638,1,2,3,2-3
1148,1634,1,2,3,2-3
1459,1652,1,2,3,2-3
1459,1639,1,2,3,2-3
1459,1638,1,2,3,2-3
1399,1635,1,2,3,2-3
1399,1640,1,2,3,2-3
1493,1632,1,2,3,2-3
1493,1651,1,2,3,2-3
1493,1640,1,2,3,2-3
1493,1645,1,2,3,2-3
1493,1634,1,2,3,2-3
1113,1635,1,2,3,2-3
1113,1640,1,2,3,2-3
1113,1642,1,2,3,2-3
1313,1648,1,2,3,2-3
1313,1638,1,2,3,2-3
1376,1640,1,2,3,2-3
1376,1636,1,2,3,2-3
1376,1638,1,2,3,2-3
1129,1640,1,2,3,2-3
1129,1636,1,2,3,2-3
1129,1638,1,2,3,2-3
1549,1632,1,2,3,2-3
1549,1651,1,2,3,2-3
1549,1640,1,2,3,2-3
1549,1645,1,2,3,2-3
1549,1638,1,2,3,2-3
1579,1640,1,2,3,2-3
1579,1639,1,2,3,2-3
1579,1630,1,2,3,2-3
1579,1638,1,2,3,2-3
1257,1632,1,2,3,2-3
1257,1651,1,2,3,2-3
1257,1640,1,2,3,2-3
1257,1638,1,2,3,2-3
1026,1640,1,2,3,2-3
1026,1638,1,2,3,2-3
972,1651,1,2,3,2-3
972,1647,1,2,3,2-3
972,1650,1,2,3,2-3
972,1648,1,2,3,2-3
972,1644,1,2,3,2-3
1326,1650,1,2,3,2-3
1326,1645,1,2,3,2-3
1551,1632,1,2,3,2-3
1551,1640,1,2,3,2-3
1551,1646,1,2,3,2-3
1095,1632,1,2,3,2-3
1095,1651,1,2,3,2-3
1095,1640,1,2,3,2-3
1095,1646,1,2,3,2-3
1095,1634,1,2,3,2-3
1519,1632,1,2,3,2-3
1519,1651,1,2,3,2-3
1519,1630,1,2,3,2-3
1519,1638,1,2,3,2-3
1535,1650,1,2,3,2-3
1535,1644,1,2,3,2-3
1535,1630,1,2,3,2-3
996,1635,1,2,3,2-3
996,1640,1,2,3,2-3
996,1631,1,2,3,2-3
1426,1652,1,2,3,2-3
1426,1639,1,2,3,2-3
1426,1630,1,2,3,2-3
1510,1640,1,2,3,2-3
1510,1631,1,2,3,2-3
1136,1648,1,2,3,2-3
1136,1640,1,2,3,2-3
1136,1638,1,2,3,2-3
1202,1632,1,2,3,2-3
1202,1635,1,2,3,2-3
1202,1640,1,2,3,2-3
1202,1631,1,2,3,2-3
1268,1640,1,2,3,2-3
1333,1640,1,2,3,2-3
1333,1630,1,2,3,2-3
1333,1638,1,2,3,2-3
1143,1650,1,2,3,2-3
912,1632,1,2,3,2-3
912,1651,1,2,3,2-3
1605,1635,1,2,3,2-3
1605,1640,1,2,3,2-3
1605,1631,1,2,3,2-3
1556,1651,1,2,3,2-3
1556,1640,1,2,3,2-3
1556,1637,1,2,3,2-3
1246,1648,1,2,3,2-3
1246,1640,1,2,3,2-3
1246,1639,1,2,3,2-3
1246,1638,1,2,3,2-3
1554,1635,1,2,3,2-3
1554,1640,1,2,3,2-3
1554,1636,1,2,3,2-3
1554,1645,1,2,3,2-3
1411,1635,1,2,3,2-3
1411,1648,1,2,3,2-3
1411,1640,1,2,3,2-3
911,1635,1,2,3,2-3
911,1640,1,2,3,2-3
911,1634,1,2,3,2-3
1544,1648,1,2,3,2-3
1544,1640,1,2,3,2-3
1544,1639,1,2,3,2-3
1544,1638,1,2,3,2-3
1056,1648,1,2,3,2-3
1056,1640,1,2,3,2-3
1589,1635,1,2,3,2-3
1589,1640,1,2,3,2-3
1589,1636,1,2,3,2-3
1589,1634,1,2,3,2-3
1264,1651,1,2,3,2-3
1264,1647,1,2,3,2-3
1264,1644,1,2,3,2-3
1264,1646,1,2,3,2-3
1047,1640,1,2,3,2-3
1047,1638,1,2,3,2-3
1536,1632,1,2,3,2-3
1536,1651,1,2,3,2-3
1536,1646,1,2,3,2-3
1536,1630,1,2,3,2-3
1627,1640,1,2,3,2-3
1627,1645,1,2,3,2-3
1101,1640,1,2,3,2-3
1101,1634,1,2,3,2-3
1372,1651,1,2,3,2-3
1372,1650,1,2,3,2-3
1372,1648,1,2,3,2-3
1372,1640,1,2,3,2-3
998,1651,1,2,3,2-3
998,1647,1,2,3,2-3
998,1650,1,2,3,2-3
998,1644,1,2,3,2-3
998,1646,1,2,3,2-3
1417,1635,1,2,3,2-3
1417,1640,1,2,3,2-3
1417,1631,1,2,3,2-3
1344,1632,1,2,3,2-3
1344,1651,1,2,3,2-3
1344,1638,1,2,3,2-3
1391,1648,1,2,3,2-3
1391,1640,1,2,3,2-3
1391,1639,1,2,3,2-3
1391,1638,1,2,3,2-3
1580,1632,1,2,3,2-3
1580,1630,1,2,3,2-3
1580,1638,1,2,3,2-3
955,1648,1,2,3,2-3
955,1640,1,2,3,2-3
955,1639,1,2,3,2-3
955,1638,1,2,3,2-3
925,1640,1,2,3,2-3
925,1631,1,2,3,2-3
1236,1640,1,2,3,2-3
1236,1645,1,2,3,2-3
1377,1640,1,2,3,2-3
1377,1631,1,2,3,2-3
1160,1650,1,2,3,2-3
1160,1646,1,2,3,2-3
1160,1645,1,2,3,2-3
1112,1635,1,2,3,2-3
1112,1648,1,2,3,2-3
1112,1640,1,2,3,2-3
1083,1640,1,2,3,2-3
1083,1639,1,2,3,2-3
1083,1645,1,2,3,2-3
1083,1634,1,2,3,2-3
1065,1632,1,2,3,2-3
1065,1648,1,2,3,2-3
1065,1640,1,2,3,2-3
1065,1639,1,2,3,2-3
1065,1638,1,2,3,2-3
1132,1650,1,2,3,2-3
1132,1640,1,2,3,2-3
1132,1644,1,2,3,2-3
1608,1650,1,2,3,2-3
1608,1640,1,2,3,2-3
1608,1646,1,2,3,2-3
1608,1645,1,2,3,2-3
919,1632,1,2,3,2-3
919,1650,1,2,3,2-3
919,1648,1,2,3,2-3
919,1638,1,2,3,2-3
1005,1650,1,2,3,2-3
1005,1640,1,2,3,2-3
1216,1648,1,2,3,2-3
1216,1640,1,2,3,2-3
1216,1638,1,2,3,2-3
1230,1640,1,2,3,2-3
1230,1636,1,2,3,2-3
1230,1634,1,2,3,2-3
1349,1648,1,2,3,2-3
1349,1640,1,2,3,2-3
1588,1635,1,2,3,2-3
1588,1640,1,2,3,2-3
1588,1642,1,2,3,2-3
1588,1645,1,2,3,2-3
1616,1651,1,2,3,2-3
1616,1640,1,2,3,2-3
1616,1639,1,2,3,2-3
1616,1630,1,2,3,2-3
1616,1638,1,2,3,2-3
1147,1640,1,2,3,2-3
963,1651,1,2,3,2-3
963,1647,1,2,3,2-3
963,1650,1,2,3,2-3
963,1644,1,2,3,2-3
963,1646,1,2,3,2-3
963,1633,1,2,3,2-3
963,1645,1,2,3,2-3
1163,1635,1,2,3,2-3
1163,1648,1,2,3,2-3
1163,1640,1,2,3,2-3
1163,1636,1,2,3,2-3
1163,1642,1,2,3,2-3
1285,1632,1,2,3,2-3
1285,1651,1,2,3,2-3
1000,1632,1,2,3,2-3
1000,1638,1,2,3,2-3
1138,1635,1,2,3,2-3
1138,1650,1,2,3,2-3
1138,1640,1,2,3,2-3
1138,1636,1,2,3,2-3
922,1650,1,2,3,2-3
922,1640,1,2,3,2-3
1590,1632,1,2,3,2-3
1590,1650,1,2,3,2-3
944,1640,1,2,3,2-3
944,1645,1,2,3,2-3
1058,1630,1,2,3,2-3
1058,1638,1,2,3,2-3
929,1649,1,2,3,2-3
1200,1648,1,2,3,2-3
1200,1640,1,2,3,2-3
1200,1630,1,2,3,2-3
1200,1638,1,2,3,2-3
1181,1651,1,2,3,2-3
1181,1640,1,2,3,2-3
1181,1644,1,2,3,2-3
1181,1646,1,2,3,2-3
1389,1632,1,2,3,2-3
1389,1650,1,2,3,2-3
1389,1648,1,2,3,2-3
1389,1642,1,2,3,2-3
909,1648,1,2,3,2-3
909,1640,1,2,3,2-3
909,1639,1,2,3,2-3
909,1638,1,2,3,2-3
1559,1651,1,2,3,2-3
1559,1640,1,2,3,2-3
1559,1636,1,2,3,2-3
1106,1632,1,2,3,2-3
1106,1640,1,2,3,2-3
1106,1646,1,2,3,2-3
1106,1639,1,2,3,2-3
1106,1630,1,2,3,2-3
1106,1638,1,2,3,2-3
1152,1650,1,2,3,2-3
1152,1644,1,2,3,2-3
1337,1650,1,2,3,2-3
965,1651,1,2,3,2-3
965,1650,1,2,3,2-3
965,1648,1,2,3,2-3
965,1642,1,2,3,2-3
913,1640,1,2,3,2-3
1393,1640,1,2,3,2-3
1557,1632,1,2,3,2-3
1557,1638,1,2,3,2-3
1445,1635,1,2,3,2-3
1445,1640,1,2,3,2-3
1445,1636,1,2,3,2-3
1472,1640,1,2,3,2-3
1501,1648,1,2,3,2-3
1501,1640,1,2,3,2-3
1501,1638,1,2,3,2-3
1543,1648,1,2,3,2-3
1543,1640,1,2,3,2-3
1543,1638,1,2,3,2-3
1186,1632,1,2,3,2-3
1186,1635,1,2,3,2-3
1186,1640,1,2,3,2-3
1186,1636,1,2,3,2-3
1186,1645,1,2,3,2-3
1186,1637,1,2,3,2-3
1258,1646,1,2,3,2-3
1258,1652,1,2,3,2-3
1258,1639,1,2,3,2-3
990,1635,1,2,3,2-3
990,1640,1,2,3,2-3
990,1644,1,2,3,2-3
1120,1635,1,2,3,2-3
1120,1648,1,2,3,2-3
1120,1640,1,2,3,2-3
930,1648,1,2,3,2-3
930,1640,1,2,3,2-3
935,1635,1,2,3,2-3
935,1640,1,2,3,2-3
935,1636,1,2,3,2-3
1078,1640,1,2,3,2-3
1436,1640,1,2,3,2-3
1436,1645,1,2,3,2-3
1282,1648,1,2,3,2-3
1282,1640,1,2,3,2-3
1486,1647,1,2,3,2-3
1486,1650,1,2,3,2-3
1486,1644,1,2,3,2-3
1363,1640,1,2,3,2-3
1363,1631,1,2,3,2-3
1489,1640,1,2,3,2-3
1489,1636,1,2,3,2-3
1489,1634,1,2,3,2-3
974,1635,1,2,3,2-3
974,1640,1,2,3,2-3
974,1631,1,2,3,2-3
1092,1648,1,2,3,2-3
1092,1640,1,2,3,2-3
1092,1639,1,2,3,2-3
1092,1645,1,2,3,2-3
950,1640,1,2,3,2-3
950,1645,1,2,3,2-3
1378,1650,1,2,3,2-3
1378,1640,1,2,3,2-3
1378,1646,1,2,3,2-3
1513,1651,1,2,3,2-3
1513,1647,1,2,3,2-3
1513,1644,1,2,3,2-3
1513,1646,1,2,3,2-3
1350,1651,1,2,3,2-3
1350,1650,1,2,3,2-3
1350,1652,1,2,3,2-3
1350,1630,1,2,3,2-3
1022,1632,1,2,3,2-3
1022,1651,1,2,3,2-3
1022,1646,1,2,3,2-3
1022,1630,1,2,3,2-3
938,1640,1,2,3,2-3
938,1645,1,2,3,2-3
938,1630,1,2,3,2-3
1031,1635,1,2,3,2-3
1031,1640,1,2,3,2-3
1031,1636,1,2,3,2-3
995,1640,1,2,3,2-3
1013,1640,1,2,3,2-3
1013,1638,1,2,3,2-3
1013,1634,1,2,3,2-3
1201,1640,1,2,3,2-3
1201,1636,1,2,3,2-3
1201,1642,1,2,3,2-3
1201,1645,1,2,3,2-3
1201,1634,1,2,3,2-3
1618,1651,1,2,3,2-3
1618,1640,1,2,3,2-3
1618,1638,1,2,3,2-3
1460,1647,1,2,3,2-3
1460,1650,1,2,3,2-3
1460,1646,1,2,3,2-3
1460,1633,1,2,3,2-3
1214,1650,1,2,3,2-3
1214,1640,1,2,3,2-3
1214,1645,1,2,3,2-3
1529,1632,1,2,3,2-3
1529,1651,1,2,3,2-3
1041,1640,1,2,3,2-3
1041,1630,1,2,3,2-3
1239,1648,1,2,3,2-3
1239,1640,1,2,3,2-3
1239,1652,1,2,3,2-3
1239,1638,1,2,3,2-3
1490,1635,1,2,3,2-3
1490,1640,1,2,3,2-3
1490,1636,1,2,3,2-3
1291,1646,1,2,3,2-3
1291,1645,1,2,3,2-3
1601,1640,1,2,3,2-3
1601,1645,1,2,3,2-3
1292,1632,1,2,3,2-3
1292,1648,1,2,3,2-3
1292,1640,1,2,3,2-3
1292,1638,1,2,3,2-3
1001,1635,1,2,3,2-3
1001,1648,1,2,3,2-3
1001,1640,1,2,3,2-3
1001,1636,1,2,3,2-3
976,1635,1,2,3,2-3
976,1640,1,2,3,2-3
976,1636,1,2,3,2-3
1362,1650,1,2,3,2-3
1362,1640,1,2,3,2-3
1362,1642,1,2,3,2-3
1362,1645,1,2,3,2-3
1087,1640,1,2,3,2-3
1087,1646,1,2,3,2-3
1087,1645,1,2,3,2-3
1087,1630,1,2,3,2-3
997,1652,1,2,3,2-3
997,1639,1,2,3,2-3
997,1638,1,2,3,2-3
927,1651,1,2,3,2-3
927,1635,1,2,3,2-3
927,1640,1,2,3,2-3
1497,1632,1,2,3,2-3
1497,1650,1,2,3,2-3
1497,1648,1,2,3,2-3
1497,1646,1,2,3,2-3
1021,1640,1,2,3,2-3
1296,1640,1,2,3,2-3
1466,1651,1,2,3,2-3
1466,1647,1,2,3,2-3
1466,1646,1,2,3,2-3
1032,1651,1,2,3,2-3
1032,1640,1,2,3,2-3
1032,1637,1,2,3,2-3
1383,1640,1,2,3,2-3
1383,1652,1,2,3,2-3
1280,1651,1,2,3,2-3
1280,1650,1,2,3,2-3
1280,1630,1,2,3,2-3
1402,1651,1,2,3,2-3
1402,1647,1,2,3,2-3
1402,1644,1,2,3,2-3
1402,1646,1,2,3,2-3
1017,1640,1,2,3,2-3
1017,1634,1,2,3,2-3
1287,1640,1,2,3,2-3
1467,1650,1,2,3,2-3
1467,1640,1,2,3,2-3
1151,1651,1,2,3,2-3
1151,1650,1,2,3,2-3
1151,1640,1,2,3,2-3
1485,1632,1,2,3,2-3
1485,1652,1,2,3,2-3
1485,1630,1,2,3,2-3
1503,1635,1,2,3,2-3
1503,1640,1,2,3,2-3
1503,1636,1,2,3,2-3
1503,1642,1,2,3,2-3
1318,1650,1,2,3,2-3
1318,1640,1,2,3,2-3
1318,1645,1,2,3,2-3
931,1640,1,2,3,2-3
931,1636,1,2,3,2-3
931,1638,1,2,3,2-3
1230,1640,1,2,3,2-3
1230,1636,1,2,3,2-3
1230,1634,1,2,3,2-3
1558,1635,1,2,3,2-3
1558,1640,1,2,3,2-3
1558,1631,1,2,3,2-3
1165,1651,1,2,3,2-3
1165,1635,1,2,3,2-3
1165,1640,1,2,3,2-3
1165,1638,1,2,3,2-3
1052,1635,1,2,3,2-3
1052,1650,1,2,3,2-3
1052,1640,1,2,3,2-3
1217,1640,1,2,3,2-3
947,1640,1,2,3,2-3
947,1639,1,2,3,2-3
1016,1635,1,2,3,2-3
1016,1648,1,2,3,2-3
1016,1640,1,2,3,2-3
1016,1638,1,2,3,2-3
914,1650,1,2,3,2-3
1306,1640,1,2,3,2-3
1306,1636,1,2,3,2-3
1306,1634,1,2,3,2-3
1418,1646,1,2,3,2-3
1418,1652,1,2,3,2-3
1418,1638,1,2,3,2-3
1048,1632,1,2,3,2-3
1048,1651,1,2,3,2-3
1048,1630,1,2,3,2-3
1479,1640,1,2,3,2-3
1479,1644,1,2,3,2-3
1479,1633,1,2,3,2-3
1479,1645,1,2,3,2-3
1304,1652,1,2,3,2-3
1304,1638,1,2,3,2-3
1164,1632,1,2,3,2-3
1164,1651,1,2,3,2-3
1164,1636,1,2,3,2-3
1425,1640,1,2,3,2-3
1425,1639,1,2,3,2-3
1425,1645,1,2,3,2-3
1425,1638,1,2,3,2-3
1425,1640,1,2,3,2-3
1425,1639,1,2,3,2-3
1425,1645,1,2,3,2-3
1425,1638,1,2,3,2-3
933,1640,1,2,3,2-3
933,1645,1,2,3,2-3
921,1640,1,2,3,2-3
1141,1650,1,2,3,2-3
1141,1640,1,2,3,2-3
1359,1650,1,2,3,2-3
1359,1640,1,2,3,2-3
1359,1645,1,2,3,2-3
1606,1640,1,2,3,2-3
946,1650,1,2,3,2-3
946,1640,1,2,3,2-3
946,1645,1,2,3,2-3
1614,1651,1,2,3,2-3
1614,1650,1,2,3,2-3
1614,1640,1,2,3,2-3
1614,1645,1,2,3,2-3
1545,1640,1,2,3,2-3
1545,1646,1,2,3,2-3
1545,1634,1,2,3,2-3
986,1632,1,2,3,2-3
986,1650,1,2,3,2-3
986,1639,1,2,3,2-3
1573,1650,1,2,3,2-3
1053,1640,1,2,3,2-3
1154,1640,1,2,3,2-3
1154,1644,1,2,3,2-3
1030,1650,1,2,3,2-3
1030,1648,1,2,3,2-3
1030,1640,1,2,3,2-3
1225,1632,1,2,3,2-3
1225,1640,1,2,3,2-3
1225,1645,1,2,3,2-3
1342,1640,1,2,3,2-3
1261,1635,1,2,3,2-3
1261,1640,1,2,3,2-3
1261,1636,1,2,3,2-3
1261,1645,1,2,3,2-3
1538,1640,1,2,3,2-3
1615,1635,1,2,3,2-3
1615,1640,1,2,3,2-3
1615,1638,1,2,3,2-3
1615,1634,1,2,3,2-3
1304,1652,1,2,3,2-3
1304,1638,1,2,3,2-3
1144,1640,1,2,3,2-3
1144,1634,1,2,3,2-3
1262,1648,1,2,3,2-3
1262,1640,1,2,3,2-3
1262,1638,1,2,3,2-3
961,1635,1,2,3,2-3
961,1640,1,2,3,2-3
961,1645,1,2,3,2-3
1454,1651,1,2,3,2-3
1454,1635,1,2,3,2-3
1454,1640,1,2,3,2-3
1454,1636,1,2,3,2-3
1454,1634,1,2,3,2-3
1146,1651,1,2,3,2-3
1146,1644,1,2,3,2-3
1146,1646,1,2,3,2-3
1146,1645,1,2,3,2-3
1597,1635,1,2,3,2-3
1597,1640,1,2,3,2-3
1539,1648,1,2,3,2-3
1539,1640,1,2,3,2-3
985,1640,1,2,3,2-3
985,1645,1,2,3,2-3
985,1638,1,2,3,2-3
1088,1640,1,2,3,2-3
1088,1645,1,2,3,2-3
1010,1640,1,2,3,2-3
1269,1640,1,2,3,2-3
1269,1636,1,2,3,2-3
1269,1638,1,2,3,2-3
1269,1634,1,2,3,2-3
1034,1649,1,2,3,2-3
1034,1642,1,2,3,2-3
1040,1640,1,2,3,2-3
1040,1630,1,2,3,2-3
1039,1650,1,2,3,2-3
1039,1648,1,2,3,2-3
1311,1650,1,2,3,2-3
1311,1648,1,2,3,2-3
1311,1640,1,2,3,2-3
1035,1650,1,2,3,2-3
1035,1648,1,2,3,2-3
1035,1639,1,2,3,2-3
1276,1640,1,2,3,2-3
1276,1639,1,2,3,2-3
1276,1638,1,2,3,2-3
1591,1640,1,2,3,2-3
1591,1636,1,2,3,2-3
1591,1638,1,2,3,2-3
1384,1640,1,2,3,2-3
1384,1630,1,2,3,2-3
1532,1640,1,2,3,2-3
1532,1639,1,2,3,2-3
1532,1638,1,2,3,2-3
1338,1650,1,2,3,2-3
1338,1646,1,2,3,2-3
1338,1645,1,2,3,2-3
1004,1640,1,2,3,2-3
1004,1637,1,2,3,2-3
1368,1640,1,2,3,2-3
1368,1645,1,2,3,2-3
1386,1650,1,2,3,2-3
936,1632,1,2,3,2-3
936,1651,1,2,3,2-3
936,1640,1,2,3,2-3
950,1640,1,2,3,2-3
950,1645,1,2,3,2-3
1305,1635,1,2,3,2-3
1305,1640,1,2,3,2-3
1505,1640,1,2,3,2-3
1505,1645,1,2,3,2-3
1232,1650,1,2,3,2-3
1232,1640,1,2,3,2-3
1232,1645,1,2,3,2-3
1272,1640,1,2,3,2-3
1272,1645,1,2,3,2-3
1603,1640,1,2,3,2-3
1029,1635,1,2,3,2-3
1029,1640,1,2,3,2-3
1029,1636,1,2,3,2-3
1029,1634,1,2,3,2-3
1090,1635,1,2,3,2-3
1090,1640,1,2,3,2-3
1090,1645,1,2,3,2-3
1293,1640,1,2,3,2-3
1293,1638,1,2,3,2-3
1170,1648,1,2,3,2-3
1170,1640,1,2,3,2-3
1565,1630,1,2,3,2-3
1565,1638,1,2,3,2-3
982,1640,1,2,3,2-3
982,1639,1,2,3,2-3
982,1630,1,2,3,2-3
982,1638,1,2,3,2-3
1299,1650,1,2,3,2-3
1299,1640,1,2,3,2-3
1299,1646,1,2,3,2-3
906,1640,1,2,3,2-3
906,1636,1,2,3,2-3
906,1634,1,2,3,2-3
1427,1640,1,2,3,2-3
1185,1632,1,2,3,2-3
1185,1648,1,2,3,2-3
1185,1639,1,2,3,2-3
1185,1638,1,2,3,2-3
1364,1640,1,2,3,2-3
1364,1645,1,2,3,2-3
1586,1632,1,2,3,2-3
1586,1648,1,2,3,2-3
1586,1640,1,2,3,2-3
1586,1645,1,2,3,2-3
1586,1638,1,2,3,2-3
1609,1648,1,2,3,2-3
1609,1640,1,2,3,2-3
1609,1639,1,2,3,2-3
1331,1651,1,2,3,2-3
1331,1640,1,2,3,2-3
1331,1645,1,2,3,2-3
1504,1640,1,2,3,2-3
1504,1634,1,2,3,2-3
939,1648,1,2,3,2-3
939,1640,1,2,3,2-3
939,1633,1,2,3,2-3
1038,1632,1,2,3,2-3
1038,1640,1,2,3,2-3
1038,1634,1,2,3,2-3
1339,1652,1,2,3,2-3
1244,1651,1,2,3,2-3
1244,1640,1,2,3,2-3
1244,1638,1,2,3,2-3
1528,1647,1,2,3,2-3
1528,1650,1,2,3,2-3
1528,1648,1,2,3,2-3
1528,1640,1,2,3,2-3
1528,1644,1,2,3,2-3
962,1632,1,2,3,2-3
962,1651,1,2,3,2-3
962,1630,1,2,3,2-3
1517,1635,1,2,3,2-3
1517,1640,1,2,3,2-3
1517,1634,1,2,3,2-3
1531,1650,1,2,3,2-3
1531,1640,1,2,3,2-3
1531,1644,1,2,3,2-3
1531,1646,1,2,3,2-3
1531,1633,1,2,3,2-3
1006,1632,1,2,3,2-3
1006,1651,1,2,3,2-3
1006,1638,1,2,3,2-3
1412,1640,1,2,3,2-3
1412,1645,1,2,3,2-3
1500,1632,1,2,3,2-3
1500,1651,1,2,3,2-3
1500,1635,1,2,3,2-3
1500,1640,1,2,3,2-3
1500,1636,1,2,3,2-3
1127,1635,1,2,3,2-3
1127,1640,1,2,3,2-3
971,1651,1,2,3,2-3
971,1650,1,2,3,2-3
971,1640,1,2,3,2-3
943,1651,1,2,3,2-3
943,1640,1,2,3,2-3
943,1638,1,2,3,2-3
943,1634,1,2,3,2-3
1491,1640,1,2,3,2-3
1491,1646,1,2,3,2-3
1491,1645,1,2,3,2-3
1203,1632,1,2,3,2-3
1203,1651,1,2,3,2-3
1203,1640,1,2,3,2-3
1203,1645,1,2,3,2-3
1253,1640,1,2,3,2-3
978,1640,1,2,3,2-3
978,1636,1,2,3,2-3
978,1634,1,2,3,2-3
1234,1650,1,2,3,2-3
1234,1648,1,2,3,2-3
1592,1632,1,2,3,2-3
1592,1651,1,2,3,2-3
1592,1646,1,2,3,2-3
1592,1630,1,2,3,2-3
1624,1640,1,2,3,2-3
1624,1645,1,2,3,2-3
1624,1634,1,2,3,2-3
1115,1635,1,2,3,2-3
1115,1640,1,2,3,2-3
1115,1631,1,2,3,2-3
1157,1648,1,2,3,2-3
1157,1640,1,2,3,2-3
988,1651,1,2,3,2-3
988,1640,1,2,3,2-3
988,1636,1,2,3,2-3
988,1634,1,2,3,2-3
1439,1650,1,2,3,2-3
1439,1646,1,2,3,2-3
1439,1652,1,2,3,2-3
1308,1640,1,2,3,2-3
1308,1645,1,2,3,2-3
1563,1635,1,2,3,2-3
1563,1640,1,2,3,2-3
1563,1636,1,2,3,2-3
954,1648,1,2,3,2-3
954,1640,1,2,3,2-3
1247,1651,1,2,3,2-3
1247,1639,1,2,3,2-3
1247,1630,1,2,3,2-3
1267,1644,1,2,3,2-3
1267,1630,1,2,3,2-3
1599,1650,1,2,3,2-3
1184,1640,1,2,3,2-3
980,1632,1,2,3,2-3
980,1640,1,2,3,2-3
980,1636,1,2,3,2-3
980,1634,1,2,3,2-3
1234,1650,1,2,3,2-3
1234,1648,1,2,3,2-3
1260,1650,1,2,3,2-3
1260,1640,1,2,3,2-3
1523,1650,1,2,3,2-3
1231,1650,1,2,3,2-3
1231,1648,1,2,3,2-3
1231,1640,1,2,3,2-3
1231,1639,1,2,3,2-3
1231,1645,1,2,3,2-3
1462,1648,1,2,3,2-3
1462,1640,1,2,3,2-3
1288,1640,1,2,3,2-3
1288,1642,1,2,3,2-3
1288,1639,1,2,3,2-3
1288,1645,1,2,3,2-3
1265,1635,1,2,3,2-3
1265,1640,1,2,3,2-3
1227,1648,1,2,3,2-3
1227,1640,1,2,3,2-3
1227,1638,1,2,3,2-3
1603,1640,1,2,3,2-3
1449,1640,1,2,3,2-3
1449,1645,1,2,3,2-3
1480,1632,1,2,3,2-3
1480,1651,1,2,3,2-3
1480,1650,1,2,3,2-3
1480,1648,1,2,3,2-3
1149,1650,1,2,3,2-3
1149,1648,1,2,3,2-3
1149,1640,1,2,3,2-3
1149,1639,1,2,3,2-3
1229,1652,1,2,3,2-3
1229,1630,1,2,3,2-3
1600,1640,1,2,3,2-3
1600,1644,1,2,3,2-3
1600,1633,1,2,3,2-3
1600,1645,1,2,3,2-3
1379,1649,1,2,3,2-3
1379,1640,1,2,3,2-3
1562,1632,1,2,3,2-3
1562,1635,1,2,3,2-3
1562,1640,1,2,3,2-3
1562,1636,1,2,3,2-3
1562,1645,1,2,3,2-3
1562,1634,1,2,3,2-3
1033,1646,1,2,3,2-3
1033,1652,1,2,3,2-3
1033,1639,1,2,3,2-3
1033,1638,1,2,3,2-3
1440,1640,1,2,3,2-3
1508,1632,1,2,3,2-3
1508,1651,1,2,3,2-3
1508,1647,1,2,3,2-3
1508,1640,1,2,3,2-3
1508,1646,1,2,3,2-3
1508,1630,1,2,3,2-3
1242,1640,1,2,3,2-3
949,1651,1,2,3,2-3
949,1640,1,2,3,2-3
949,1638,1,2,3,2-3
1055,1648,1,2,3,2-3
1055,1640,1,2,3,2-3
1534,1651,1,2,3,2-3
1534,1650,1,2,3,2-3
1534,1644,1,2,3,2-3
1534,1633,1,2,3,2-3
1003,1648,1,2,3,2-3
1003,1640,1,2,3,2-3
1003,1638,1,2,3,2-3
1036,1635,1,2,3,2-3
1036,1640,1,2,3,2-3
1036,1644,1,2,3,2-3
1036,1633,1,2,3,2-3
1036,1645,1,2,3,2-3
1524,1650,1,2,3,2-3
1524,1640,1,2,3,2-3
1233,1651,1,2,3,2-3
1233,1640,1,2,3,2-3
1175,1640,1,2,3,2-3
1175,1652,1,2,3,2-3
1175,1630,1,2,3,2-3
1175,1638,1,2,3,2-3
1561,1635,1,2,3,2-3
1561,1648,1,2,3,2-3
1561,1640,1,2,3,2-3
1159,1650,1,2,3,2-3
1159,1640,1,2,3,2-3
1159,1645,1,2,3,2-3
1168,1651,1,2,3,2-3
1571,1648,1,2,3,2-3
1571,1640,1,2,3,2-3
1190,1651,1,2,3,2-3
1190,1640,1,2,3,2-3
1190,1646,1,2,3,2-3
1190,1639,1,2,3,2-3
1471,1651,1,2,3,2-3
1471,1647,1,2,3,2-3
1471,1644,1,2,3,2-3
1471,1646,1,2,3,2-3
1250,1640,1,2,3,2-3
1250,1645,1,2,3,2-3
964,1632,1,2,3,2-3
964,1647,1,2,3,2-3
964,1630,1,2,3,2-3
1199,1635,1,2,3,2-3
1199,1640,1,2,3,2-3
1199,1631,1,2,3,2-3
1118,1640,1,2,3,2-3
928,1650,1,2,3,2-3
928,1640,1,2,3,2-3
1227,1648,1,2,3,2-3
1227,1640,1,2,3,2-3
1227,1638,1,2,3,2-3
983,1647,1,2,3,2-3
983,1635,1,2,3,2-3
983,1640,1,2,3,2-3
983,1634,1,2,3,2-3
1294,1640,1,2,3,2-3
1294,1638,1,2,3,2-3
1134,1648,1,2,3,2-3
1134,1640,1,2,3,2-3
1366,1650,1,2,3,2-3
1366,1640,1,2,3,2-3
1366,1645,1,2,3,2-3
1617,1640,1,2,3,2-3
1617,1642,1,2,3,2-3
1617,1645,1,2,3,2-3
1328,1648,1,2,3,2-3
1328,1640,1,2,3,2-3
1328,1638,1,2,3,2-3
1300,1632,1,2,3,2-3
1300,1640,1,2,3,2-3
1300,1646,1,2,3,2-3
1300,1645,1,2,3,2-3
1206,1632,1,2,3,2-3
1206,1651,1,2,3,2-3
1206,1638,1,2,3,2-3
1220,1640,1,2,3,2-3
1220,1645,1,2,3,2-3
1345,1640,1,2,3,2-3
1312,1632,1,2,3,2-3
1312,1648,1,2,3,2-3
1312,1640,1,2,3,2-3
1312,1638,1,2,3,2-3
1373,1640,1,2,3,2-3
1373,1633,1,2,3,2-3
1373,1645,1,2,3,2-3
1604,1632,1,2,3,2-3
1604,1648,1,2,3,2-3
1604,1638,1,2,3,2-3
1369,1650,1,2,3,2-3
1086,1640,1,2,3,2-3
1086,1639,1,2,3,2-3
1086,1634,1,2,3,2-3
1583,1632,1,2,3,2-3
1583,1648,1,2,3,2-3
1583,1640,1,2,3,2-3
1583,1638,1,2,3,2-3
1319,1648,1,2,3,2-3
1319,1640,1,2,3,2-3
1089,1635,1,2,3,2-3
1089,1640,1,2,3,2-3
1179,1635,1,2,3,2-3
1179,1640,1,2,3,2-3
1179,1642,1,2,3,2-3
1478,1632,1,2,3,2-3
1478,1630,1,2,3,2-3
1080,1640,1,2,3,2-3
1080,1645,1,2,3,2-3
1541,1635,1,2,3,2-3
1541,1640,1,2,3,2-3
1541,1631,1,2,3,2-3
1594,1648,1,2,3,2-3
1594,1640,1,2,3,2-3
1594,1638,1,2,3,2-3
1284,1640,1,2,3,2-3
1284,1634,1,2,3,2-3
1130,1635,1,2,3,2-3
1130,1648,1,2,3,2-3
1130,1640,1,2,3,2-3
1130,1637,1,2,3,2-3
1546,1650,1,2,3,2-3
1546,1644,1,2,3,2-3
1546,1646,1,2,3,2-3
1546,1633,1,2,3,2-3
1140,1640,1,2,3,2-3
1059,1648,1,2,3,2-3
1059,1640,1,2,3,2-3
1059,1633,1,2,3,2-3
1059,1645,1,2,3,2-3
1059,1638,1,2,3,2-3
1468,1648,1,2,3,2-3
1468,1640,1,2,3,2-3
1468,1639,1,2,3,2-3
1468,1638,1,2,3,2-3
970,1640,1,2,3,2-3
970,1631,1,2,3,2-3
1433,1640,1,2,3,2-3
1433,1636,1,2,3,2-3
1433,1645,1,2,3,2-3
1433,1634,1,2,3,2-3
1307,1635,1,2,3,2-3
1307,1640,1,2,3,2-3
1307,1636,1,2,3,2-3
1307,1638,1,2,3,2-3
1516,1648,1,2,3,2-3
1516,1640,1,2,3,2-3
1516,1639,1,2,3,2-3
1348,1650,1,2,3,2-3
1348,1640,1,2,3,2-3
1348,1642,1,2,3,2-3
1348,1633,1,2,3,2-3
1221,1632,1,2,3,2-3
1221,1651,1,2,3,2-3
1221,1637,1,2,3,2-3
1446,1649,1,2,3,2-3
1081,1650,1,2,3,2-3
1081,1640,1,2,3,2-3
1081,1645,1,2,3,2-3
1321,1638,1,2,3,2-3
1321,1634,1,2,3,2-3
1542,1650,1,2,3,2-3
1542,1645,1,2,3,2-3
1189,1650,1,2,3,2-3
1189,1648,1,2,3,2-3
1189,1640,1,2,3,2-3
1340,1635,1,2,3,2-3
1340,1640,1,2,3,2-3
1340,1642,1,2,3,2-3
1340,1645,1,2,3,2-3
1496,1639,1,2,3,2-3
1496,1637,1,2,3,2-3
1351,1640,1,2,3,2-3
1351,1642,1,2,3,2-3
910,1640,1,2,3,2-3
966,1650,1,2,3,2-3
966,1640,1,2,3,2-3
966,1636,1,2,3,2-3
966,1645,1,2,3,2-3
1068,1650,1,2,3,2-3
1068,1640,1,2,3,2-3
977,1648,1,2,3,2-3
977,1640,1,2,3,2-3
977,1638,1,2,3,2-3
1042,1650,1,2,3,2-3
1042,1640,1,2,3,2-3
1042,1631,1,2,3,2-3
1192,1650,1,2,3,2-3
1192,1640,1,2,3,2-3
904,1635,1,2,3,2-3
904,1640,1,2,3,2-3
1310,1635,1,2,3,2-3
1310,1640,1,2,3,2-3
1507,1639,1,2,3,2-3
1507,1638,1,2,3,2-3
1037,1640,1,2,3,2-3
1037,1642,1,2,3,2-3
1625,1651,1,2,3,2-3
1625,1650,1,2,3,2-3
1625,1640,1,2,3,2-3
1625,1645,1,2,3,2-3
1079,1650,1,2,3,2-3
1079,1652,1,2,3,2-3
1611,1640,1,2,3,2-3
1611,1639,1,2,3,2-3
1408,1650,1,2,3,2-3
1408,1648,1,2,3,2-3
1408,1640,1,2,3,2-3
1408,1639,1,2,3,2-3
1408,1645,1,2,3,2-3
957,1637,1,2,3,2-3
1109,1640,1,2,3,2-3
1109,1639,1,2,3,2-3
1109,1630,1,2,3,2-3
1266,1640,1,2,3,2-3
1176,1640,1,2,3,2-3
1176,1638,1,2,3,2-3
1451,1650,1,2,3,2-3
1451,1652,1,2,3,2-3
1133,1650,1,2,3,2-3
1133,1648,1,2,3,2-3
1133,1639,1,2,3,2-3
989,1644,1,2,3,2-3
1572,1640,1,2,3,2-3
1252,1640,1,2,3,2-3
1252,1645,1,2,3,2-3
1343,1640,1,2,3,2-3
1161,1648,1,2,3,2-3
1161,1640,1,2,3,2-3
1476,1640,1,2,3,2-3
1286,1640,1,2,3,2-3
1286,1630,1,2,3,2-3
1286,1638,1,2,3,2-3
1124,1648,1,2,3,2-3
1124,1640,1,2,3,2-3
1124,1639,1,2,3,2-3
1024,1648,1,2,3,2-3
1024,1640,1,2,3,2-3
1153,1648,1,2,3,2-3
1153,1640,1,2,3,2-3
1309,1640,1,2,3,2-3
1128,1632,1,2,3,2-3
1128,1640,1,2,3,2-3
1128,1636,1,2,3,2-3
1128,1638,1,2,3,2-3
1128,1634,1,2,3,2-3
1142,1640,1,2,3,2-3
1142,1644,1,2,3,2-3
1278,1640,1,2,3,2-3
1278,1644,1,2,3,2-3
1070,1648,1,2,3,2-3
1070,1640,1,2,3,2-3
1011,1640,1,2,3,2-3
1011,1652,1,2,3,2-3
1011,1639,1,2,3,2-3
1567,1640,1,2,3,2-3
1550,1650,1,2,3,2-3
1550,1645,1,2,3,2-3
1191,1640,1,2,3,2-3
1191,1645,1,2,3,2-3
1025,1651,1,2,3,2-3
1025,1640,1,2,3,2-3
1025,1636,1,2,3,2-3
1025,1638,1,2,3,2-3
1025,1634,1,2,3,2-3
1131,1640,1,2,3,2-3
1424,1650,1,2,3,2-3
1441,1649,1,2,3,2-3
1441,1642,1,2,3,2-3
1002,1640,1,2,3,2-3
1323,1650,1,2,3,2-3
1323,1640,1,2,3,2-3
1073,1640,1,2,3,2-3
1073,1644,1,2,3,2-3
1073,1636,1,2,3,2-3
1073,1633,1,2,3,2-3
1009,1640,1,2,3,2-3
1009,1634,1,2,3,2-3
1204,1635,1,2,3,2-3
1204,1640,1,2,3,2-3
1204,1636,1,2,3,2-3
1515,1640,1,2,3,2-3
1515,1645,1,2,3,2-3
1443,1640,1,2,3,2-3
1443,1636,1,2,3,2-3
1443,1645,1,2,3,2-3
1443,1634,1,2,3,2-3
1395,1650,1,2,3,2-3
1395,1640,1,2,3,2-3
1395,1634,1,2,3,2-3
1626,1640,1,2,3,2-3
1494,1650,1,2,3,2-3
1403,1640,1,2,3,2-3
1403,1642,1,2,3,2-3
1114,1635,1,2,3,2-3
1114,1648,1,2,3,2-3
1114,1640,1,2,3,2-3
1114,1636,1,2,3,2-3
1051,1640,1,2,3,2-3
1346,1640,1,2,3,2-3
1346,1639,1,2,3,2-3
1346,1638,1,2,3,2-3
1525,1650,1,2,3,2-3
1525,1646,1,2,3,2-3
1525,1652,1,2,3,2-3
1525,1638,1,2,3,2-3
1156,1632,1,2,3,2-3
1156,1647,1,2,3,2-3
1156,1648,1,2,3,2-3
1156,1630,1,2,3,2-3
1156,1638,1,2,3,2-3
1511,1649,1,2,3,2-3
1255,1640,1,2,3,2-3
1255,1642,1,2,3,2-3
1162,1648,1,2,3,2-3
1162,1640,1,2,3,2-3
1607,1640,1,2,3,2-3
1512,1650,1,2,3,2-3
1512,1644,1,2,3,2-3
905,1640,1,2,3,2-3
905,1652,1,2,3,2-3
1514,1640,1,2,3,2-3
1514,1637,1,2,3,2-3
1126,1650,1,2,3,2-3
1020,1632,1,2,3,2-3
1020,1651,1,2,3,2-3
1020,1638,1,2,3,2-3
1295,1640,1,2,3,2-3
1295,1644,1,2,3,2-3
1295,1646,1,2,3,2-3
1295,1645,1,2,3,2-3
1356,1640,1,2,3,2-3
1581,1648,1,2,3,2-3
1581,1649,1,2,3,2-3
1581,1640,1,2,3,2-3
1332,1640,1,2,3,2-3
1332,1645,1,2,3,2-3
1195,1651,1,2,3,2-3
1195,1640,1,2,3,2-3
1195,1634,1,2,3,2-3
1574,1650,1,2,3,2-3
1574,1640,1,2,3,2-3
1574,1645,1,2,3,2-3
1330,1640,1,2,3,2-3
973,1640,1,2,3,2-3
973,1634,1,2,3,2-3
1044,1647,1,2,3,2-3
1044,1650,1,2,3,2-3
1429,1632,1,2,3,2-3
1429,1651,1,2,3,2-3
1429,1645,1,2,3,2-3
1429,1637,1,2,3,2-3
1458,1640,1,2,3,2-3
1458,1645,1,2,3,2-3
1096,1640,1,2,3,2-3
1096,1645,1,2,3,2-3
1094,1644,1,2,3,2-3
1094,1646,1,2,3,2-3
1094,1633,1,2,3,2-3
1091,1640,1,2,3,2-3
1091,1645,1,2,3,2-3
1297,1650,1,2,3,2-3
1297,1640,1,2,3,2-3
1061,1640,1,2,3,2-3
1061,1639,1,2,3,2-3
1061,1638,1,2,3,2-3
1502,1650,1,2,3,2-3
1502,1640,1,2,3,2-3
1502,1652,1,2,3,2-3
1502,1630,1,2,3,2-3
1502,1638,1,2,3,2-3
1076,1640,1,2,3,2-3
1271,1640,1,2,3,2-3
1258,1646,1,2,3,2-3
1258,1652,1,2,3,2-3
1258,1639,1,2,3,2-3
1360,1650,1,2,3,2-3
1360,1642,1,2,3,2-3
1360,1645,1,2,3,2-3
1324,1651,1,2,3,2-3
1324,1644,1,2,3,2-3
1324,1646,1,2,3,2-3
1324,1633,1,2,3,2-3
1082,1650,1,2,3,2-3
1578,1650,1,2,3,2-3
1578,1640,1,2,3,2-3
1578,1645,1,2,3,2-3
1419,1650,1,2,3,2-3
1419,1637,1,2,3,2-3
1023,1640,1,2,3,2-3
1023,1645,1,2,3,2-3
1281,1649,1,2,3,2-3
1281,1636,1,2,3,2-3
1281,1631,1,2,3,2-3
907,1650,1,2,3,2-3
907,1633,1,2,3,2-3
907,1645,1,2,3,2-3
1110,1649,1,2,3,2-3
1430,1640,1,2,3,2-3
1322,1650,1,2,3,2-3
1322,1640,1,2,3,2-3
1322,1645,1,2,3,2-3
1484,1640,1,2,3,2-3
1484,1645,1,2,3,2-3
1483,1650,1,2,3,2-3
1483,1640,1,2,3,2-3
1483,1645,1,2,3,2-3
1015,1640,1,2,3,2-3
1015,1645,1,2,3,2-3
1074,1650,1,2,3,2-3
1074,1649,1,2,3,2-3
1074,1634,1,2,3,2-3
924,1649,1,2,3,2-3
1371,1648,1,2,3,2-3
1371,1640,1,2,3,2-3
1303,1647,1,2,3,2-3
1303,1644,1,2,3,2-3
1303,1646,1,2,3,2-3
1303,1642,1,2,3,2-3
1292,1632,1,2,3,2-3
1292,1648,1,2,3,2-3
1292,1640,1,2,3,2-3
1292,1638,1,2,3,2-3
1237,1640,1,2,3,2-3
1237,1645,1,2,3,2-3
1237,1634,1,2,3,2-3
1045,1650,1,2,3,2-3
1045,1640,1,2,3,2-3
960,1648,1,2,3,2-3
960,1640,1,2,3,2-3
1432,1632,1,2,3,2-3
1432,1651,1,2,3,2-3
1432,1630,1,2,3,2-3
1432,1638,1,2,3,2-3
1584,1632,1,2,3,2-3
1584,1650,1,2,3,2-3
1370,1648,1,2,3,2-3
1370,1640,1,2,3,2-3
1370,1645,1,2,3,2-3
1474,1635,1,2,3,2-3
1474,1648,1,2,3,2-3
1474,1640,1,2,3,2-3
1474,1645,1,2,3,2-3
1222,1640,1,2,3,2-3
1222,1638,1,2,3,2-3
1240,1640,1,2,3,2-3
1240,1631,1,2,3,2-3
1198,1647,1,2,3,2-3
1198,1650,1,2,3,2-3
1198,1640,1,2,3,2-3
1325,1640,1,2,3,2-3
1325,1645,1,2,3,2-3
1469,1640,1,2,3,2-3
1469,1638,1,2,3,2-3
1568,1651,1,2,3,2-3
1568,1649,1,2,3,2-3
1568,1640,1,2,3,2-3
1568,1631,1,2,3,2-3
1063,1648,1,2,3,2-3
1063,1649,1,2,3,2-3
1223,1650,1,2,3,2-3
1217,1640,1,2,3,2-3
1098,1647,1,2,3,2-3
1098,1635,1,2,3,2-3
1098,1649,1,2,3,2-3
1098,1640,1,2,3,2-3
1098,1636,1,2,3,2-3
1098,1634,1,2,3,2-3
945,1649,1,2,3,2-3
945,1634,1,2,3,2-3
967,1649,1,2,3,2-3
967,1636,1,2,3,2-3
1193,1650,1,2,3,2-3
1193,1640,1,2,3,2-3
1193,1630,1,2,3,2-3
1495,1632,1,2,3,2-3
1495,1648,1,2,3,2-3
1495,1640,1,2,3,2-3
1158,1648,1,2,3,2-3
1158,1640,1,2,3,2-3
1158,1643,1,2,3,2-3
1158,1639,1,2,3,2-3
1158,1638,1,2,3,2-3
1228,1649,1,2,3,2-3
1228,1640,1,2,3,2-3
1228,1636,1,2,3,2-3
1228,1641,1,2,3,2-3
1119,1635,1,2,3,2-3
1119,1648,1,2,3,2-3
1119,1649,1,2,3,2-3
1119,1636,1,2,3,2-3
1119,1638,1,2,3,2-3
1241,1640,1,2,3,2-3
1273,1650,1,2,3,2-3
1595,1650,1,2,3,2-3
1595,1652,1,2,3,2-3
1595,1638,1,2,3,2-3
1352,1648,1,2,3,2-3
1352,1640,1,2,3,2-3
1245,1640,1,2,3,2-3
1245,1645,1,2,3,2-3
1187,1650,1,2,3,2-3
1187,1640,1,2,3,2-3
1187,1645,1,2,3,2-3
968,1640,1,2,3,2-3
968,1645,1,2,3,2-3
968,1634,1,2,3,2-3
923,1640,1,2,3,2-3
923,1639,1,2,3,2-3
923,1638,1,2,3,2-3
1582,1650,1,2,3,2-3
1582,1640,1,2,3,2-3
1477,1632,1,2,3,2-3
1172,1643,1,2,3,2-3
1172,1639,1,2,3,2-3
1172,1645,1,2,3,2-3
1172,1638,1,2,3,2-3
1401,1648,1,2,3,2-3
1401,1640,1,2,3,2-3
1401,1638,1,2,3,2-3
1357,1649,1,2,3,2-3
1357,1634,1,2,3,2-3
1602,1650,1,2,3,2-3
1602,1640,1,2,3,2-3
1602,1644,1,2,3,2-3
1103,1650,1,2,3,2-3
1103,1640,1,2,3,2-3
1103,1645,1,2,3,2-3
1413,1650,1,2,3,2-3
1413,1640,1,2,3,2-3
1413,1644,1,2,3,2-3
1610,1647,1,2,3,2-3
1610,1644,1,2,3,2-3
1610,1646,1,2,3,2-3
1610,1633,1,2,3,2-3
1150,1650,1,2,3,2-3
1150,1648,1,2,3,2-3
1447,1640,1,2,3,2-3
942,1640,1,2,3,2-3
942,1630,1,2,3,2-3
1218,1632,1,2,3,2-3
1218,1635,1,2,3,2-3
1218,1640,1,2,3,2-3
1218,1636,1,2,3,2-3
1205,1640,1,2,3,2-3
1205,1643,1,2,3,2-3
1205,1639,1,2,3,2-3
1205,1638,1,2,3,2-3
1263,1640,1,2,3,2-3
1263,1643,1,2,3,2-3
1072,1640,1,2,3,2-3
1072,1644,1,2,3,2-3
1358,1652,1,2,3,2-3
1358,1639,1,2,3,2-3
1358,1638,1,2,3,2-3
1526,1632,1,2,3,2-3
1526,1645,1,2,3,2-3
1526,1638,1,2,3,2-3
1509,1640,1,2,3,2-3
909,1648,1,2,3,2-3
909,1640,1,2,3,2-3
909,1639,1,2,3,2-3
909,1638,1,2,3,2-3
1211,1648,1,2,3,2-3
1211,1640,1,2,3,2-3
1211,1638,1,2,3,2-3
1210,1637,1,2,3,2-3
1012,1650,1,2,3,2-3
1012,1640,1,2,3,2-3
1437,1648,1,2,3,2-3
1437,1640,1,2,3,2-3
1437,1638,1,2,3,2-3
1279,1632,1,2,3,2-3
1279,1648,1,2,3,2-3
1279,1638,1,2,3,2-3
987,1640,1,2,3,2-3
987,1645,1,2,3,2-3
987,1634,1,2,3,2-3
1178,1640,1,2,3,2-3
1178,1631,1,2,3,2-3
1183,1648,1,2,3,2-3
1183,1640,1,2,3,2-3
1585,1649,1,2,3,2-3
1577,1649,1,2,3,2-3
1018,1635,1,2,3,2-3
1018,1648,1,2,3,2-3
1018,1649,1,2,3,2-3
1018,1636,1,2,3,2-3
1275,1648,1,2,3,2-3
1275,1649,1,2,3,2-3
1275,1634,1,2,3,2-3
1398,1651,1,2,3,2-3
1398,1635,1,2,3,2-3
1398,1649,1,2,3,2-3
1398,1640,1,2,3,2-3
1243,1648,1,2,3,2-3
1243,1640,1,2,3,2-3
1243,1645,1,2,3,2-3
1329,1640,1,2,3,2-3
984,1640,1,2,3,2-3
984,1639,1,2,3,2-3
1049,1648,1,2,3,2-3
1049,1640,1,2,3,2-3
1049,1645,1,2,3,2-3
1259,1649,1,2,3,2-3
1259,1634,1,2,3,2-3
1537,1640,1,2,3,2-3
1396,1638,1,2,3,2-3
1396,1637,1,2,3,2-3
1385,1649,1,2,3,2-3
1385,1640,1,2,3,2-3
1385,1631,1,2,3,2-3
1111,1632,1,2,3,2-3
1111,1651,1,2,3,2-3
1111,1646,1,2,3,2-3
1111,1630,1,2,3,2-3
1298,1650,1,2,3,2-3
1298,1633,1,2,3,2-3
1298,1645,1,2,3,2-3
1365,1649,1,2,3,2-3
1365,1636,1,2,3,2-3
1365,1642,1,2,3,2-3
1612,1649,1,2,3,2-3
1431,1632,1,2,3,2-3
1431,1640,1,2,3,2-3
1431,1638,1,2,3,2-3
1629,1650,1,2,3,2-3
1629,1633,1,2,3,2-3
1455,1650,1,2,3,2-3
1455,1640,1,2,3,2-3
1302,1635,1,2,3,2-3
1302,1649,1,2,3,2-3
1302,1631,1,2,3,2-3
1104,1632,1,2,3,2-3
1104,1651,1,2,3,2-3
1104,1640,1,2,3,2-3
1394,1649,1,2,3,2-3
1394,1631,1,2,3,2-3
1334,1650,1,2,3,2-3
1334,1648,1,2,3,2-3
1380,1650,1,2,3,2-3
1380,1639,1,2,3,2-3
1380,1638,1,2,3,2-3
1619,1640,1,2,3,2-3
1619,1636,1,2,3,2-3
1619,1634,1,2,3,2-3
1224,1650,1,2,3,2-3
1224,1633,1,2,3,2-3
1224,1645,1,2,3,2-3
1570,1649,1,2,3,2-3
1461,1650,1,2,3,2-3
1461,1640,1,2,3,2-3
1461,1642,1,2,3,2-3
1461,1645,1,2,3,2-3
1353,1649,1,2,3,2-3
1353,1631,1,2,3,2-3
1180,1651,1,2,3,2-3
1180,1650,1,2,3,2-3
1180,1646,1,2,3,2-3
1327,1640,1,2,3,2-3
1327,1646,1,2,3,2-3
1327,1630,1,2,3,2-3
1327,1638,1,2,3,2-3
1520,1647,1,2,3,2-3
1520,1650,1,2,3,2-3
1520,1640,1,2,3,2-3
1209,1640,1,2,3,2-3
1145,1640,1,2,3,2-3
1145,1636,1,2,3,2-3
1145,1634,1,2,3,2-3
1215,1646,1,2,3,2-3
1215,1652,1,2,3,2-3
1093,1649,1,2,3,2-3
1093,1631,1,2,3,2-3
1304,1652,1,2,3,2-3
1304,1638,1,2,3,2-3
1077,1648,1,2,3,2-3
1077,1640,1,2,3,2-3
1487,1650,1,2,3,2-3
1487,1645,1,2,3,2-3
1444,1635,1,2,3,2-3
1444,1649,1,2,3,2-3
1444,1642,1,2,3,2-3
1361,1648,1,2,3,2-3
1361,1640,1,2,3,2-3
1361,1645,1,2,3,2-3
1317,1649,1,2,3,2-3
1207,1640,1,2,3,2-3
1207,1645,1,2,3,2-3
953,1648,1,2,3,2-3
953,1640,1,2,3,2-3
1212,1649,1,2,3,2-3
1387,1649,1,2,3,2-3
1416,1640,1,2,3,2-3
1416,1645,1,2,3,2-3
1416,1634,1,2,3,2-3
1139,1632,1,2,3,2-3
1139,1640,1,2,3,2-3
1139,1637,1,2,3,2-3
951,1640,1,2,3,2-3
951,1646,1,2,3,2-3
1336,1640,1,2,3,2-3
1336,1645,1,2,3,2-3
1336,1630,1,2,3,2-3
1521,1648,1,2,3,2-3
1521,1649,1,2,3,2-3
1208,1640,1,2,3,2-3
1481,1640,1,2,3,2-3
1481,1644,1,2,3,2-3
1498,1640,1,2,3,2-3
1498,1645,1,2,3,2-3
1475,1649,1,2,3,2-3
1506,1640,1,2,3,2-3
1506,1642,1,2,3,2-3
1506,1645,1,2,3,2-3
1171,1647,1,2,3,2-3
1171,1650,1,2,3,2-3
1171,1644,1,2,3,2-3
1069,1649,1,2,3,2-3
1069,1644,1,2,3,2-3
1011,1640,1,2,3,2-3
1011,1652,1,2,3,2-3
1011,1639,1,2,3,2-3
1566,1649,1,2,3,2-3
1050,1635,1,2,3,2-3
1050,1649,1,2,3,2-3
1050,1642,1,2,3,2-3
1060,1649,1,2,3,2-3
1084,1649,1,2,3,2-3
1177,1650,1,2,3,2-3
1177,1645,1,2,3,2-3
1027,1649,1,2,3,2-3
1027,1642,1,2,3,2-3
1450,1650,1,2,3,2-3
1620,1648,1,2,3,2-3
1620,1640,1,2,3,2-3
1456,1650,1,2,3,2-3
1456,1640,1,2,3,2-3
